sampleIndex,approach,timestamp,forecastStep,secondsAhead,vehicleCountActual,vehicleCountPredicted,vehicleCountNaive,queueLengthVehActual,queueLengthVehPredicted,queueLengthVehNaive,queueLengthMEstActual,queueLengthMEstPredicted,queueLengthMEstNaive,densityIndexActual,densityIndexPredicted,densityIndexNaive
0,west,2026-08-15T17:12:10,1,5,4.0,2.312194347381592,5.0,6.599999904632568,4.994643688201904,5.800000190734863,30.200000762939453,17.504268646240234,24.600000381469727,0.24242423474788666,0.23306496441364288,0.2545454502105713
0,west,2026-08-15T17:12:15,2,10,2.0,2.2881269454956055,5.0,6.400000095367432,5.021071910858154,5.800000190734863,28.200000762939453,19.002531051635742,24.600000381469727,0.27272728085517883,0.23966605961322784,0.2545454502105713
0,west,2026-08-15T17:12:20,3,15,1.0,2.0593037605285645,5.0,6.400000095367432,4.967249393463135,5.800000190734863,27.0,18.930925369262695,24.600000381469727,0.24848484992980957,0.2360922247171402,0.2545454502105713
0,west,2026-08-15T17:12:25,4,20,3.0,1.962433934211731,5.0,5.599999904632568,5.095097541809082,5.800000190734863,28.200000762939453,18.849109649658203,24.600000381469727,0.21212121844291687,0.23214305937290192,0.2545454502105713
0,west,2026-08-15T17:12:30,5,25,0.0,2.0756986141204834,5.0,6.599999904632568,4.724067687988281,5.800000190734863,32.599998474121094,18.317792892456055,24.600000381469727,0.23636363446712494,0.22977925837039948,0.2545454502105713
0,west,2026-08-15T17:12:35,6,30,2.0,1.9823843240737915,5.0,5.400000095367432,4.955533504486084,5.800000190734863,24.399999618530273,17.758590698242188,24.600000381469727,0.23636363446712494,0.23272210359573364,0.2545454502105713
0,west,2026-08-15T17:12:40,7,35,3.0,2.1605679988861084,5.0,6.400000095367432,4.84945821762085,5.800000190734863,25.200000762939453,17.070886611938477,24.600000381469727,0.24848484992980957,0.22630803287029266,0.2545454502105713
0,west,2026-08-15T17:12:45,8,40,5.0,2.319997549057007,5.0,2.4000000953674316,4.494043350219727,5.800000190734863,10.199999809265137,16.980886459350586,24.600000381469727,0.2242424041032791,0.22062501311302185,0.2545454502105713
0,west,2026-08-15T17:12:50,9,45,6.0,2.356992483139038,5.0,0.4000000059604645,4.205416202545166,5.800000190734863,2.0,15.604463577270508,24.600000381469727,0.2181818187236786,0.2164677232503891,0.2545454502105713
0,west,2026-08-15T17:12:55,10,50,3.0,2.450681686401367,5.0,0.4000000059604645,3.4029014110565186,5.800000190734863,2.0,14.093798637390137,24.600000381469727,0.20606060326099396,0.21394605934619904,0.2545454502105713
0,west,2026-08-15T17:13:00,11,55,2.0,2.833955764770508,5.0,0.20000000298023224,2.9844071865081787,5.800000190734863,1.0,12.328832626342773,24.600000381469727,0.23030303418636322,0.2048027068376541,0.2545454502105713
0,west,2026-08-15T17:13:05,12,60,3.0,2.928232431411743,5.0,0.0,2.9451725482940674,5.800000190734863,0.0,11.552597999572754,24.600000381469727,0.15757575631141663,0.19604632258415222,0.2545454502105713
1,west,2026-08-15T17:12:15,1,5,2.0,2.3506455421447754,4.0,6.400000095367432,5.176885604858398,6.599999904632568,28.200000762939453,18.271711349487305,30.200000762939453,0.27272728085517883,0.23702490329742432,0.24242423474788666
1,west,2026-08-15T17:12:20,2,10,1.0,2.28300404548645,4.0,6.400000095367432,5.281068801879883,6.599999904632568,27.0,19.643932342529297,30.200000762939453,0.24848484992980957,0.24533380568027496,0.24242423474788666
1,west,2026-08-15T17:12:25,3,15,3.0,2.018582582473755,4.0,5.599999904632568,5.1680588722229,6.599999904632568,28.200000762939453,19.793659210205078,30.200000762939453,0.21212121844291687,0.23894932866096497,0.24242423474788666
1,west,2026-08-15T17:12:30,4,20,0.0,1.9460439682006836,4.0,6.599999904632568,5.2337260246276855,6.599999904632568,32.599998474121094,19.543210983276367,30.200000762939453,0.23636363446712494,0.23489713668823242,0.24242423474788666
1,west,2026-08-15T17:12:35,5,25,2.0,2.0779478549957275,4.0,5.400000095367432,4.89501953125,6.599999904632568,24.399999618530273,18.751314163208008,30.200000762939453,0.23636363446712494,0.2310011088848114,0.24242423474788666
1,west,2026-08-15T17:12:40,6,30,3.0,1.9862240552902222,4.0,6.400000095367432,4.877363204956055,6.599999904632568,25.200000762939453,17.925922393798828,30.200000762939453,0.24848484992980957,0.23435142636299133,0.24242423474788666
1,west,2026-08-15T17:12:45,7,35,5.0,2.158708095550537,4.0,2.4000000953674316,4.76833438873291,6.599999904632568,10.199999809265137,16.729183197021484,30.200000762939453,0.2242424041032791,0.2252504974603653,0.24242423474788666
1,west,2026-08-15T17:12:50,8,40,6.0,2.3920717239379883,4.0,0.4000000059604645,4.207305431365967,6.599999904632568,2.0,16.3468074798584,30.200000762939453,0.2181818187236786,0.21602073311805725,0.24242423474788666
1,west,2026-08-15T17:12:55,9,45,3.0,2.454637050628662,4.0,0.4000000059604645,3.85502028465271,6.599999904632568,2.0,14.775849342346191,30.200000762939453,0.20606060326099396,0.21106868982315063,0.24242423474788666
1,west,2026-08-15T17:13:00,10,50,2.0,2.5500166416168213,4.0,0.20000000298023224,2.9635939598083496,6.599999904632568,1.0,13.054049491882324,30.200000762939453,0.23030303418636322,0.2089378982782364,0.24242423474788666
1,west,2026-08-15T17:13:05,11,55,3.0,2.896509885787964,4.0,0.0,2.546903610229492,6.599999904632568,0.0,11.146644592285156,30.200000762939453,0.15757575631141663,0.19899797439575195,0.24242423474788666
1,west,2026-08-15T17:13:10,12,60,5.0,2.963928461074829,4.0,0.0,2.5161759853363037,6.599999904632568,0.0,10.704718589782715,30.200000762939453,0.12727272510528564,0.18868884444236755,0.24242423474788666
2,west,2026-08-15T17:12:20,1,5,1.0,2.069575786590576,2.0,6.400000095367432,5.518942832946777,6.400000095367432,27.0,19.57867431640625,28.200000762939453,0.24848484992980957,0.2378532737493515,0.27272728085517883
2,west,2026-08-15T17:12:25,2,10,3.0,2.018413782119751,2.0,5.599999904632568,5.568652629852295,6.400000095367432,28.200000762939453,20.890953063964844,28.200000762939453,0.21212121844291687,0.24639372527599335,0.27272728085517883
2,west,2026-08-15T17:12:30,3,15,0.0,1.7635105848312378,2.0,6.599999904632568,5.371774196624756,6.400000095367432,32.599998474121094,20.922649383544922,28.200000762939453,0.23636363446712494,0.23851926624774933,0.27272728085517883
2,west,2026-08-15T17:12:35,4,20,2.0,1.7850275039672852,2.0,5.400000095367432,5.318158149719238,6.400000095367432,24.399999618530273,20.24161148071289,28.200000762939453,0.23636363446712494,0.23480495810508728,0.27272728085517883
2,west,2026-08-15T17:12:40,5,25,3.0,2.0038814544677734,2.0,6.400000095367432,4.9709014892578125,6.400000095367432,25.200000762939453,19.10424041748047,28.200000762939453,0.24848484992980957,0.23301610350608826,0.27272728085517883
2,west,2026-08-15T17:12:45,6,30,5.0,1.9723745584487915,2.0,2.4000000953674316,4.68190336227417,6.400000095367432,10.199999809265137,17.681283950805664,28.200000762939453,0.2242424041032791,0.23502236604690552,0.27272728085517883
2,west,2026-08-15T17:12:50,7,35,6.0,2.1922483444213867,2.0,0.4000000059604645,4.529655456542969,6.400000095367432,2.0,16.028148651123047,28.200000762939453,0.2181818187236786,0.22333501279354095,0.27272728085517883
2,west,2026-08-15T17:12:55,8,40,3.0,2.5013604164123535,2.0,0.4000000059604645,3.810323715209961,6.400000095367432,2.0,15.328020095825195,28.200000762939453,0.20606060326099396,0.21255262196063995,0.27272728085517883
2,west,2026-08-15T17:13:00,9,45,2.0,2.6623740196228027,2.0,0.20000000298023224,3.2914798259735107,6.400000095367432,1.0,13.570967674255371,28.200000762939453,0.23030303418636322,0.20724798738956451,0.27272728085517883
2,west,2026-08-15T17:13:05,10,50,3.0,2.7438673973083496,2.0,0.0,2.34702205657959,6.400000095367432,0.0,11.428929328918457,28.200000762939453,0.15757575631141663,0.20339876413345337,0.27272728085517883
2,west,2026-08-15T17:13:10,11,55,5.0,3.056030035018921,2.0,0.0,1.9797788858413696,6.400000095367432,0.0,9.29518985748291,28.200000762939453,0.12727272510528564,0.19276463985443115,0.27272728085517883
2,west,2026-08-15T17:13:15,12,60,1.0,3.076798915863037,2.0,0.0,1.8841216564178467,6.400000095367432,0.0,9.098978996276855,28.200000762939453,0.07070706784725189,0.17797750234603882,0.27272728085517883
3,west,2026-08-15T17:18:20,1,5,2.0,4.037937641143799,5.0,3.4000000953674316,2.6889023780822754,3.4000000953674316,14.600000381469727,10.625833511352539,15.199999809265137,0.19393938779830933,0.21786004304885864,0.21212121844291687
3,west,2026-08-15T17:18:25,2,10,5.0,3.675938367843628,5.0,4.400000095367432,2.7360053062438965,3.4000000953674316,20.0,10.885400772094727,15.199999809265137,0.2181818187236786,0.21324282884597778,0.21212121844291687
3,west,2026-08-15T17:18:30,3,15,1.0,3.355545997619629,5.0,4.599999904632568,2.8941822052001953,3.4000000953674316,22.399999618530273,11.101033210754395,15.199999809265137,0.21212121844291687,0.2072691172361374,0.21212121844291687
3,west,2026-08-15T17:18:35,4,20,4.0,3.0870957374572754,5.0,4.400000095367432,2.967392683029175,3.4000000953674316,20.200000762939453,11.301209449768066,15.199999809265137,0.20000000298023224,0.20346957445144653,0.21212121844291687
3,west,2026-08-15T17:18:40,5,25,6.0,2.77705717086792,5.0,3.4000000953674316,2.898470878601074,3.4000000953674316,15.199999809265137,11.680136680603027,15.199999809265137,0.20000000298023224,0.19774459302425385,0.21212121844291687
3,west,2026-08-15T17:18:45,6,30,6.0,2.633129596710205,5.0,3.5999999046325684,2.891456365585327,3.4000000953674316,16.600000381469727,12.316801071166992,15.199999809265137,0.23030303418636322,0.19654114544391632,0.21212121844291687
3,west,2026-08-15T17:18:50,7,35,4.0,2.6537692546844482,5.0,3.799999952316284,3.0130064487457275,3.4000000953674316,17.200000762939453,12.137613296508789,15.199999809265137,0.2242424041032791,0.18807600438594818,0.21212121844291687
3,west,2026-08-15T17:18:55,8,40,4.0,2.6232383251190186,5.0,3.200000047683716,2.7320542335510254,3.4000000953674316,13.0,12.268149375915527,15.199999809265137,0.1818181872367859,0.18413415551185608,0.21212121844291687
3,west,2026-08-15T17:19:00,9,45,8.0,2.682450771331787,5.0,4.599999904632568,2.676365613937378,3.4000000953674316,20.600000381469727,11.767143249511719,15.199999809265137,0.2242424041032791,0.18192996084690094,0.21212121844291687
3,west,2026-08-15T17:19:05,10,50,4.0,2.846771001815796,5.0,3.200000047683716,2.2466540336608887,3.4000000953674316,13.0,11.200857162475586,15.199999809265137,0.2181818187236786,0.18270249664783478,0.21212121844291687
3,west,2026-08-15T17:19:10,11,55,4.0,3.091222047805786,5.0,4.400000095367432,1.850982904434204,3.4000000953674316,20.799997329711914,10.537175178527832,15.199999809265137,0.19393938779830933,0.1781410574913025,0.21212121844291687
3,west,2026-08-15T17:19:15,12,60,0.0,3.152346134185791,5.0,2.0,2.0125880241394043,3.4000000953674316,10.0,10.200313568115234,15.199999809265137,0.19696970283985138,0.17683418095111847,0.21212121844291687
4,south,2026-08-15T17:12:10,1,5,3.0,2.5839762687683105,3.0,2.0,1.276902675628662,1.0,11.0,7.058745384216309,5.0,0.27878788113594055,0.1665818840265274,0.20000000298023224
4,south,2026-08-15T17:12:15,2,10,2.0,2.6870293617248535,3.0,3.0,1.1330305337905884,1.0,17.0,5.953062534332275,5.0,0.20000000298023224,0.16888071596622467,0.20000000298023224
4,south,2026-08-15T17:12:20,3,15,2.0,2.506784439086914,3.0,1.0,0.9980335235595703,1.0,5.0,5.574441432952881,5.0,0.13939394056797028,0.15576666593551636,0.20000000298023224
4,south,2026-08-15T17:12:25,4,20,2.0,2.373903274536133,3.0,0.20000000298023224,0.5697022676467896,1.0,1.0,6.378077030181885,5.0,0.13939394056797028,0.16741326451301575,0.20000000298023224
4,south,2026-08-15T17:12:30,5,25,3.0,2.239872455596924,3.0,1.399999976158142,1.0412334203720093,1.0,6.0,5.362678527832031,5.0,0.1515151560306549,0.16877426207065582,0.20000000298023224
4,south,2026-08-15T17:12:35,6,30,3.0,1.6557426452636719,3.0,0.4000000059604645,1.8441327810287476,1.0,3.0,6.603137969970703,5.0,0.1515151560306549,0.1774095594882965,0.20000000298023224
4,south,2026-08-15T17:12:40,7,35,3.0,1.5367692708969116,3.0,0.6000000238418579,1.998604416847229,1.0,3.0,8.072866439819336,5.0,0.09696969389915466,0.18344396352767944,0.20000000298023224
4,south,2026-08-15T17:12:45,8,40,0.0,1.2774696350097656,3.0,1.0,2.7470693588256836,1.0,5.0,11.042191505432129,5.0,0.072727270424366,0.19194304943084717,0.20000000298023224
4,south,2026-08-15T17:12:50,9,45,0.0,0.7518370151519775,3.0,2.200000047683716,4.011744499206543,1.0,13.999999046325684,12.826154708862305,5.0,0.13333334028720856,0.21502496302127838,0.20000000298023224
4,south,2026-08-15T17:12:55,10,50,1.0,0.4357616901397705,3.0,3.0,4.707326412200928,1.0,13.0,14.338415145874023,5.0,0.15757575631141663,0.21754927933216095,0.20000000298023224
4,south,2026-08-15T17:13:00,11,55,1.0,0.3983311951160431,3.0,5.199999809265137,5.573451995849609,1.0,18.0,16.521656036376953,5.0,0.16969697177410126,0.23777318000793457,0.20000000298023224
4,south,2026-08-15T17:13:05,12,60,0.0,0.3385862410068512,3.0,5.599999904632568,6.36223840713501,1.0,18.0,18.987043380737305,5.0,0.16969697177410126,0.2456923872232437,0.20000000298023224
5,south,2026-08-15T17:12:15,1,5,2.0,2.858959674835205,3.0,3.0,1.0401992797851562,2.0,17.0,5.982621669769287,11.0,0.20000000298023224,0.1692802608013153,0.27878788113594055
5,south,2026-08-15T17:12:20,2,10,2.0,3.001671314239502,3.0,1.0,0.7761664390563965,2.0,5.0,5.053965091705322,11.0,0.13939394056797028,0.16800493001937866,0.27878788113594055
5,south,2026-08-15T17:12:25,3,15,2.0,2.6169614791870117,3.0,0.20000000298023224,0.7536377906799316,2.0,1.0,4.221266746520996,11.0,0.13939394056797028,0.15831083059310913,0.27878788113594055
5,south,2026-08-15T17:12:30,4,20,3.0,2.4147915840148926,3.0,1.399999976158142,0.4561677575111389,2.0,6.0,5.533679485321045,11.0,0.1515151560306549,0.1708594411611557,0.27878788113594055
5,south,2026-08-15T17:12:35,5,25,3.0,2.2577643394470215,3.0,0.4000000059604645,0.8924140334129333,2.0,3.0,5.355537414550781,11.0,0.1515151560306549,0.17849811911582947,0.27878788113594055
5,south,2026-08-15T17:12:40,6,30,3.0,1.4746075868606567,3.0,0.6000000238418579,2.2892301082611084,2.0,3.0,7.109811305999756,11.0,0.09696969389915466,0.1883610039949417,0.27878788113594055
5,south,2026-08-15T17:12:45,7,35,0.0,1.2885931730270386,3.0,1.0,2.4650211334228516,2.0,5.0,8.911402702331543,11.0,0.072727270424366,0.19208453595638275,0.27878788113594055
5,south,2026-08-15T17:12:50,8,40,0.0,0.9886940121650696,3.0,2.200000047683716,3.471142292022705,2.0,13.999999046325684,12.957700729370117,11.0,0.13333334028720856,0.21107470989227295,0.27878788113594055
5,south,2026-08-15T17:12:55,9,45,1.0,0.47949162125587463,3.0,3.0,4.847222805023193,2.0,13.0,15.228540420532227,11.0,0.15757575631141663,0.2330600768327713,0.27878788113594055
5,south,2026-08-15T17:13:00,10,50,1.0,0.14970704913139343,3.0,5.199999809265137,5.454029083251953,2.0,18.0,16.912185668945312,11.0,0.16969697177410126,0.2368396520614624,0.27878788113594055
5,south,2026-08-15T17:13:05,11,55,0.0,0.24346669018268585,3.0,5.599999904632568,6.38847017288208,2.0,18.0,18.663528442382812,11.0,0.16969697177410126,0.25459223985671997,0.27878788113594055
5,south,2026-08-15T17:13:10,12,60,1.0,0.39711740612983704,3.0,4.599999904632568,7.065877437591553,2.0,19.0,20.62049102783203,11.0,0.1818181872367859,0.2593560814857483,0.27878788113594055
6,south,2026-08-15T17:12:20,1,5,2.0,2.4144177436828613,2.0,1.0,1.590243935585022,3.0,5.0,7.135491847991943,17.0,0.13939394056797028,0.17115254700183868,0.20000000298023224
6,south,2026-08-15T17:12:25,2,10,2.0,2.5897679328918457,2.0,0.20000000298023224,1.357594609260559,3.0,1.0,6.648313999176025,17.0,0.13939394056797028,0.1677730679512024,0.20000000298023224
6,south,2026-08-15T17:12:30,3,15,3.0,2.032905340194702,2.0,1.399999976158142,1.5366566181182861,3.0,6.0,5.750133037567139,17.0,0.1515151560306549,0.1656109243631363,0.20000000298023224
6,south,2026-08-15T17:12:35,4,20,3.0,1.872515320777893,2.0,0.4000000059604645,1.424418330192566,3.0,3.0,7.256533622741699,17.0,0.1515151560306549,0.18012762069702148,0.20000000298023224
6,south,2026-08-15T17:12:40,5,25,3.0,1.8568675518035889,2.0,0.6000000238418579,1.7377804517745972,3.0,3.0,8.12248706817627,17.0,0.09696969389915466,0.19473129510879517,0.20000000298023224
6,south,2026-08-15T17:12:45,6,30,0.0,1.0344693660736084,2.0,1.0,3.5883588790893555,3.0,5.0,10.08905029296875,17.0,0.072727270424366,0.20529954135417938,0.20000000298023224
6,south,2026-08-15T17:12:50,7,35,0.0,0.8932108879089355,2.0,2.200000047683716,3.75234317779541,3.0,13.999999046325684,11.90830135345459,17.0,0.13333334028720856,0.21164271235466003,0.20000000298023224
6,south,2026-08-15T17:12:55,8,40,1.0,0.7252944111824036,2.0,3.0,4.884792804718018,3.0,13.0,16.42996597290039,17.0,0.15757575631141663,0.2334946244955063,0.20000000298023224
6,south,2026-08-15T17:13:00,9,45,1.0,0.3324204981327057,2.0,5.199999809265137,6.070487976074219,3.0,18.0,18.215566635131836,17.0,0.16969697177410126,0.252362996339798,0.20000000298023224
6,south,2026-08-15T17:13:05,10,50,0.0,0.08193956315517426,2.0,5.599999904632568,6.39316987991333,3.0,18.0,19.559734344482422,17.0,0.16969697177410126,0.2570865750312805,0.20000000298023224
6,south,2026-08-15T17:13:10,11,55,1.0,0.2936219573020935,2.0,4.599999904632568,7.095949649810791,3.0,19.0,20.437044143676758,17.0,0.1818181872367859,0.26830029487609863,0.20000000298023224
6,south,2026-08-15T17:13:15,12,60,0.0,0.6418657302856445,2.0,3.0,7.638388633728027,3.0,13.333333015441895,21.590011596679688,17.0,0.1818181872367859,0.27011802792549133,0.20000000298023224
7,south,2026-08-15T17:18:20,1,5,2.0,0.8092201948165894,2.0,10.399999618530273,10.835184097290039,9.600000381469727,22.0,22.369260787963867,18.799999237060547,0.35757574439048767,0.341610312461853,0.34545454382896423
7,south,2026-08-15T17:18:25,2,10,1.0,0.4511302411556244,2.0,11.199999809265137,11.68104076385498,9.600000381469727,24.200000762939453,24.385168075561523,18.799999237060547,0.35757574439048767,0.3418143391609192,0.34545454382896423
7,south,2026-08-15T17:18:30,3,15,1.0,0.24933050572872162,2.0,11.800000190734863,11.615480422973633,9.600000381469727,25.200000762939453,24.207035064697266,18.799999237060547,0.4000000059604645,0.3462291955947876,0.34545454382896423
7,south,2026-08-15T17:18:35,4,20,0.0,0.0,2.0,10.800000190734863,11.6799955368042,9.600000381469727,22.799999237060547,26.64426040649414,18.799999237060547,0.42424243688583374,0.38158178329467773,0.34545454382896423
7,south,2026-08-15T17:18:40,5,25,0.0,0.0,2.0,13.600000381469727,11.445033073425293,9.600000381469727,25.600000381469727,24.364194869995117,18.799999237060547,0.4787878394126892,0.3633846044540405,0.34545454382896423
7,south,2026-08-15T17:18:45,6,30,0.0,0.0,2.0,13.199999809265137,12.653619766235352,9.600000381469727,25.0,25.580942153930664,18.799999237060547,0.4424242377281189,0.35842424631118774,0.34545454382896423
7,south,2026-08-15T17:18:50,7,35,0.0,0.4007459580898285,2.0,12.399999618530273,11.663887023925781,9.600000381469727,22.0,27.973590850830078,18.799999237060547,0.42424243688583374,0.3588261902332306,0.34545454382896423
7,south,2026-08-15T17:18:55,8,40,0.0,0.4511668086051941,2.0,12.600000381469727,10.918906211853027,9.600000381469727,23.200000762939453,28.774497985839844,18.799999237060547,0.42424243688583374,0.3709108829498291,0.34545454382896423
7,south,2026-08-15T17:19:00,9,45,1.0,0.2666630148887634,2.0,12.600000381469727,11.017234802246094,9.600000381469727,22.200000762939453,28.50193214416504,18.799999237060547,0.4121212065219879,0.3615635931491852,0.34545454382896423
7,south,2026-08-15T17:19:05,10,50,0.0,0.7944332957267761,2.0,14.0,10.050506591796875,9.600000381469727,25.0,24.589258193969727,18.799999237060547,0.4363636374473572,0.3258535861968994,0.34545454382896423
7,south,2026-08-15T17:19:10,11,55,4.0,1.7950187921524048,2.0,12.399999618530273,8.123574256896973,9.600000381469727,23.0,19.631366729736328,18.799999237060547,0.4484848082065582,0.3096226453781128,0.34545454382896423
7,south,2026-08-15T17:19:15,12,60,0.0,1.9621498584747314,2.0,5.0,7.731085777282715,9.600000381469727,12.5,20.842823028564453,18.799999237060547,0.3181818127632141,0.30104944109916687,0.34545454382896423
8,east,2026-08-15T17:12:10,1,5,4.0,1.5487682819366455,3.0,0.800000011920929,1.0134083032608032,1.2000000476837158,2.4000000953674316,5.7585344314575195,4.199999809265137,0.09090909361839294,0.047385960817337036,0.072727270424366
8,east,2026-08-15T17:12:15,2,10,2.0,1.462728500366211,3.0,1.0,1.1584551334381104,1.2000000476837158,4.400000095367432,5.4582133293151855,4.199999809265137,0.08484848588705063,0.04764699935913086,0.072727270424366
8,east,2026-08-15T17:12:20,3,15,1.0,1.3573737144470215,3.0,2.4000000953674316,1.3269836902618408,1.2000000476837158,8.0,5.399916648864746,4.199999809265137,0.10303030163049698,0.04209558293223381,0.072727270424366
8,east,2026-08-15T17:12:25,4,20,2.0,1.4748866558074951,3.0,0.0,1.0807592868804932,1.2000000476837158,0.0,5.7985944747924805,4.199999809265137,0.036363635212183,0.04477590322494507,0.072727270424366
8,east,2026-08-15T17:12:30,5,25,1.0,1.4530361890792847,3.0,0.20000000298023224,1.1265792846679688,1.2000000476837158,1.0,5.586754322052002,4.199999809265137,0.024242423474788666,0.05383016914129257,0.072727270424366
8,east,2026-08-15T17:12:35,6,30,1.0,1.5054945945739746,3.0,0.800000011920929,1.2332000732421875,1.2000000476837158,4.0,5.867359161376953,4.199999809265137,0.030303029343485832,0.053278204053640366,0.072727270424366
8,east,2026-08-15T17:12:40,7,35,3.0,1.6423290967941284,3.0,0.800000011920929,1.096871018409729,1.2000000476837158,3.0,5.442783355712891,4.199999809265137,0.042424242943525314,0.0515730120241642,0.072727270424366
8,east,2026-08-15T17:12:45,8,40,1.0,1.863003134727478,3.0,1.2000000476837158,1.108259677886963,1.2000000476837158,5.0,5.345981121063232,4.199999809265137,0.042424242943525314,0.04882102087140083,0.072727270424366
8,east,2026-08-15T17:12:50,9,45,0.0,1.9228315353393555,3.0,1.600000023841858,0.9428398609161377,1.2000000476837158,6.0,5.249816417694092,4.199999809265137,0.04848484694957733,0.051686856895685196,0.072727270424366
8,east,2026-08-15T17:12:55,10,50,4.0,2.025885820388794,3.0,0.800000011920929,0.9256514310836792,1.2000000476837158,2.4000000953674316,4.756627082824707,4.199999809265137,0.060606058686971664,0.04646953567862511,0.072727270424366
8,east,2026-08-15T17:13:00,11,55,2.0,2.1081950664520264,3.0,2.200000047683716,0.7423145174980164,1.2000000476837158,6.400000095367432,4.189774513244629,4.199999809265137,0.07878787815570831,0.04829628765583038,0.072727270424366
8,east,2026-08-15T17:13:05,12,60,3.0,2.1464834213256836,3.0,1.399999976158142,0.9144850373268127,1.2000000476837158,5.1999993324279785,4.3064494132995605,4.199999809265137,0.042424242943525314,0.047552645206451416,0.072727270424366
9,east,2026-08-15T17:12:15,1,5,2.0,1.9313085079193115,4.0,1.0,0.9296565055847168,0.800000011920929,4.400000095367432,5.334402561187744,2.4000000953674316,0.08484848588705063,0.05362241715192795,0.09090909361839294
9,east,2026-08-15T17:12:20,2,10,1.0,1.8170697689056396,4.0,2.4000000953674316,1.0170013904571533,0.800000011920929,8.0,4.971638202667236,2.4000000953674316,0.10303030163049698,0.05327931046485901,0.09090909361839294
9,east,2026-08-15T17:12:25,3,15,2.0,1.720983862876892,4.0,0.0,1.1485522985458374,0.800000011920929,0.0,4.993121147155762,2.4000000953674316,0.036363635212183,0.04640014469623566,0.09090909361839294
9,east,2026-08-15T17:12:30,4,20,1.0,1.7470474243164062,4.0,0.20000000298023224,0.9452024698257446,0.800000011920929,1.0,5.506851673126221,2.4000000953674316,0.024242423474788666,0.050029680132865906,0.09090909361839294
9,east,2026-08-15T17:12:35,5,25,1.0,1.6768808364868164,4.0,0.800000011920929,1.0476288795471191,0.800000011920929,4.0,5.165170669555664,2.4000000953674316,0.030303029343485832,0.053858667612075806,0.09090909361839294
9,east,2026-08-15T17:12:40,6,30,3.0,1.704337477684021,4.0,0.800000011920929,1.0986852645874023,0.800000011920929,3.0,5.501811981201172,2.4000000953674316,0.042424242943525314,0.053933076560497284,0.09090909361839294
9,east,2026-08-15T17:12:45,7,35,1.0,1.7383899688720703,4.0,1.2000000476837158,1.0099599361419678,0.800000011920929,5.0,5.1413116455078125,2.4000000953674316,0.042424242943525314,0.052772313356399536,0.09090909361839294
9,east,2026-08-15T17:12:50,8,40,0.0,1.8746929168701172,4.0,1.600000023841858,1.019813060760498,0.800000011920929,6.0,4.977854251861572,2.4000000953674316,0.04848484694957733,0.04980127513408661,0.09090909361839294
9,east,2026-08-15T17:12:55,9,45,4.0,1.8518290519714355,4.0,0.800000011920929,0.987175703048706,0.800000011920929,2.4000000953674316,5.085391998291016,2.4000000953674316,0.060606058686971664,0.05236496776342392,0.09090909361839294
9,east,2026-08-15T17:13:00,10,50,2.0,1.9283080101013184,4.0,2.200000047683716,0.9701331853866577,0.800000011920929,6.400000095367432,4.945948123931885,2.4000000953674316,0.07878787815570831,0.04788147285580635,0.09090909361839294
9,east,2026-08-15T17:13:05,11,55,3.0,1.9610302448272705,4.0,1.399999976158142,0.9217656254768372,0.800000011920929,5.1999993324279785,4.5116682052612305,2.4000000953674316,0.042424242943525314,0.05038507282733917,0.09090909361839294
9,east,2026-08-15T17:13:10,12,60,1.0,1.9874902963638306,4.0,0.20000000298023224,0.9939514994621277,0.800000011920929,1.0,4.8582987785339355,2.4000000953674316,0.0060606058686971664,0.051347795873880386,0.09090909361839294
10,east,2026-08-15T17:12:20,1,5,1.0,2.0259130001068115,2.0,2.4000000953674316,1.0224424600601196,1.0,8.0,5.556090831756592,4.400000095367432,0.10303030163049698,0.05889177694916725,0.08484848588705063
10,east,2026-08-15T17:12:25,2,10,2.0,1.9279979467391968,2.0,0.0,1.0567958354949951,1.0,0.0,5.231982707977295,4.400000095367432,0.036363635212183,0.058671094477176666,0.08484848588705063
10,east,2026-08-15T17:12:30,3,15,1.0,1.8162143230438232,2.0,0.20000000298023224,1.1897274255752563,1.0,1.0,5.2545599937438965,4.400000095367432,0.024242423474788666,0.052523739635944366,0.08484848588705063
10,east,2026-08-15T17:12:35,4,20,1.0,1.803890585899353,2.0,0.800000011920929,1.017008662223816,1.0,4.0,5.756546974182129,4.400000095367432,0.030303029343485832,0.054888300597667694,0.08484848588705063
10,east,2026-08-15T17:12:40,5,25,3.0,1.7360970973968506,2.0,0.800000011920929,1.1028985977172852,1.0,3.0,5.431979179382324,4.400000095367432,0.042424242943525314,0.058438051491975784,0.08484848588705063
10,east,2026-08-15T17:12:45,6,30,1.0,1.742438793182373,2.0,1.2000000476837158,1.1672285795211792,1.0,5.0,5.761325359344482,4.400000095367432,0.042424242943525314,0.05826372653245926,0.08484848588705063
10,east,2026-08-15T17:12:50,7,35,0.0,1.7569561004638672,2.0,1.600000023841858,1.1169281005859375,1.0,6.0,5.413751125335693,4.400000095367432,0.04848484694957733,0.05748656764626503,0.08484848588705063
10,east,2026-08-15T17:12:55,8,40,4.0,1.8484638929367065,2.0,0.800000011920929,1.1628857851028442,1.0,2.4000000953674316,5.3469624519348145,4.400000095367432,0.060606058686971664,0.055224865674972534,0.08484848588705063
10,east,2026-08-15T17:13:00,9,45,2.0,1.8171837329864502,2.0,2.200000047683716,1.1542974710464478,1.0,6.400000095367432,5.454639434814453,4.400000095367432,0.07878787815570831,0.057751186192035675,0.08484848588705063
10,east,2026-08-15T17:13:05,10,50,3.0,1.8824185132980347,2.0,1.399999976158142,1.1162400245666504,1.0,5.1999993324279785,5.469027996063232,4.400000095367432,0.042424242943525314,0.053147558122873306,0.08484848588705063
10,east,2026-08-15T17:13:10,11,55,1.0,1.9144954681396484,2.0,0.20000000298023224,1.1041709184646606,1.0,1.0,5.025649547576904,4.400000095367432,0.0060606058686971664,0.05529339239001274,0.08484848588705063
10,east,2026-08-15T17:13:15,12,60,2.0,1.9527868032455444,2.0,0.0,1.132927656173706,1.0,0.0,5.270573139190674,4.400000095367432,0.0,0.05587368831038475,0.08484848588705063
11,east,2026-08-15T17:18:20,1,5,2.0,1.739296793937683,0.0,0.800000011920929,0.8811180591583252,0.4000000059604645,4.0,2.9953665733337402,2.0,0.05454545468091965,0.06126033514738083,0.036363635212183
11,east,2026-08-15T17:18:25,2,10,7.0,2.1271555423736572,0.0,0.0,0.9418305158615112,0.4000000059604645,0.0,2.605635166168213,2.0,0.07878787815570831,0.06366639584302902,0.036363635212183
11,east,2026-08-15T17:18:30,3,15,6.0,2.5130436420440674,0.0,0.20000000298023224,0.8126325011253357,0.4000000059604645,1.0,2.8767428398132324,2.0,0.08484848588705063,0.0740424245595932,0.036363635212183
11,east,2026-08-15T17:18:35,4,20,5.0,3.052055597305298,0.0,0.20000000298023224,0.9528156518936157,0.4000000059604645,1.0,2.6889829635620117,2.0,0.09696969389915466,0.08278193324804306,0.036363635212183
11,east,2026-08-15T17:18:40,5,25,2.0,3.2315967082977295,0.0,0.0,0.7768482565879822,0.4000000059604645,0.0,2.816986083984375,2.0,0.04848484694957733,0.08209490776062012,0.036363635212183
11,east,2026-08-15T17:18:45,6,30,4.0,3.4271185398101807,0.0,0.0,0.735278844833374,0.4000000059604645,0.0,2.5518391132354736,2.0,0.072727270424366,0.08409156650304794,0.036363635212183
11,east,2026-08-15T17:18:50,7,35,5.0,3.491391658782959,0.0,1.2000000476837158,0.8397501707077026,0.4000000059604645,3.0,3.401808261871338,2.0,0.1090909093618393,0.0942515954375267,0.036363635212183
11,east,2026-08-15T17:18:55,8,40,5.0,3.484628915786743,0.0,0.4000000059604645,0.7676799297332764,0.4000000059604645,1.0,3.5177814960479736,2.0,0.145454540848732,0.09151731431484222,0.036363635212183
11,east,2026-08-15T17:19:00,9,45,5.0,3.2077088356018066,0.0,1.2000000476837158,0.879295825958252,0.4000000059604645,4.0,3.79005765914917,2.0,0.17575757205486298,0.09261847287416458,0.036363635212183
11,east,2026-08-15T17:19:05,10,50,5.0,3.2597012519836426,0.0,1.0,1.017688512802124,0.4000000059604645,4.0,4.1149001121521,2.0,0.12121211737394333,0.09455958753824234,0.036363635212183
11,east,2026-08-15T17:19:10,11,55,3.0,3.0104854106903076,0.0,1.0,0.8071284890174866,0.4000000059604645,4.0,4.21304988861084,2.0,0.09090909361839294,0.0900920107960701,0.036363635212183
11,east,2026-08-15T17:19:15,12,60,0.0,2.799661874771118,0.0,0.5,0.9640516638755798,0.4000000059604645,2.5,4.651795387268066,2.0,0.015151514671742916,0.09393259137868881,0.036363635212183
12,north,2026-08-15T17:12:10,1,5,0.0,1.7617453336715698,5.0,1.2000000476837158,0.47954171895980835,0.20000000298023224,5.400000095367432,2.7179017066955566,1.0,0.036363635212183,0.04094900190830231,0.012121211737394333
12,north,2026-08-15T17:12:15,2,10,1.0,1.9508918523788452,5.0,1.399999976158142,0.6355267763137817,0.20000000298023224,5.800000190734863,2.7326722145080566,1.0,0.04848484694957733,0.048481088131666183,0.012121211737394333
12,north,2026-08-15T17:12:20,3,15,2.0,2.11841082572937,5.0,2.0,0.6060628294944763,0.20000000298023224,5.400000095367432,2.7480318546295166,1.0,0.08484848588705063,0.047004081308841705,0.012121211737394333
12,north,2026-08-15T17:12:25,4,20,0.0,2.3628811836242676,5.0,2.0,0.54801344871521,0.20000000298023224,5.0,2.5584094524383545,1.0,0.060606058686971664,0.05468904227018356,0.012121211737394333
12,north,2026-08-15T17:12:30,5,25,2.0,2.500044107437134,5.0,1.600000023841858,0.5172997117042542,0.20000000298023224,5.0,2.5726158618927,1.0,0.05454545468091965,0.055853523313999176,0.012121211737394333
12,north,2026-08-15T17:12:35,6,30,1.0,2.439185380935669,5.0,1.399999976158142,0.6110246777534485,0.20000000298023224,5.0,2.6985745429992676,1.0,0.04848484694957733,0.05927257239818573,0.012121211737394333
12,north,2026-08-15T17:12:40,7,35,2.0,2.5804998874664307,5.0,1.399999976158142,0.5153305530548096,0.20000000298023224,5.0,2.7081737518310547,1.0,0.042424242943525314,0.06425338983535767,0.012121211737394333
12,north,2026-08-15T17:12:45,8,40,1.0,2.6616082191467285,5.0,1.7999999523162842,0.5647574067115784,0.20000000298023224,5.400000095367432,2.6608471870422363,1.0,0.06666667014360428,0.06458535045385361,0.012121211737394333
12,north,2026-08-15T17:12:50,9,45,0.0,2.5577456951141357,5.0,3.0,0.6449168920516968,0.20000000298023224,6.999999523162842,2.9405579566955566,1.0,0.11515151709318161,0.06319447606801987,0.012121211737394333
12,north,2026-08-15T17:12:55,10,50,2.0,2.549581527709961,5.0,2.5999999046325684,0.5599455237388611,0.20000000298023224,6.400000095367432,2.8151795864105225,1.0,0.09696969389915466,0.0636221244931221,0.012121211737394333
12,north,2026-08-15T17:13:00,11,55,1.0,2.4765689373016357,5.0,2.4000000953674316,0.6470820903778076,0.20000000298023224,6.999999523162842,2.6223678588867188,1.0,0.07878787815570831,0.06512176245450974,0.012121211737394333
12,north,2026-08-15T17:13:05,12,60,2.0,2.4348630905151367,5.0,3.4000000953674316,0.656964123249054,0.20000000298023224,7.800000190734863,2.828677177429199,1.0,0.1090909093618393,0.06266322731971741,0.012121211737394333
13,north,2026-08-15T17:12:15,1,5,1.0,1.7379648685455322,0.0,1.399999976158142,0.6266473531723022,1.2000000476837158,5.800000190734863,2.994030714035034,5.400000095367432,0.04848484694957733,0.04348231106996536,0.036363635212183
13,north,2026-08-15T17:12:20,2,10,2.0,1.9650245904922485,0.0,2.0,0.7409711480140686,1.2000000476837158,5.400000095367432,2.9799740314483643,5.400000095367432,0.08484848588705063,0.05034329742193222,0.036363635212183
13,north,2026-08-15T17:12:25,3,15,0.0,2.121823787689209,0.0,2.0,0.7016116976737976,1.2000000476837158,5.0,2.952157497406006,5.400000095367432,0.060606058686971664,0.05071162059903145,0.036363635212183
13,north,2026-08-15T17:12:30,4,20,2.0,2.3781659603118896,0.0,1.600000023841858,0.6689975261688232,1.2000000476837158,5.0,2.6959786415100098,5.400000095367432,0.05454545468091965,0.05640658363699913,0.036363635212183
13,north,2026-08-15T17:12:35,5,25,1.0,2.540323257446289,0.0,1.399999976158142,0.5500267148017883,1.2000000476837158,5.0,2.7123374938964844,5.400000095367432,0.04848484694957733,0.05909024178981781,0.036363635212183
13,north,2026-08-15T17:12:40,6,30,2.0,2.4699597358703613,0.0,1.399999976158142,0.6960377097129822,1.2000000476837158,5.0,2.8402371406555176,5.400000095367432,0.042424242943525314,0.06190720200538635,0.036363635212183
13,north,2026-08-15T17:12:45,7,35,1.0,2.6076595783233643,0.0,1.7999999523162842,0.6023656725883484,1.2000000476837158,5.400000095367432,2.8357174396514893,5.400000095367432,0.06666667014360428,0.06568753719329834,0.036363635212183
13,north,2026-08-15T17:12:50,8,40,0.0,2.662163019180298,0.0,3.0,0.6583561897277832,1.2000000476837158,6.999999523162842,2.831263303756714,5.400000095367432,0.11515151709318161,0.06694526970386505,0.036363635212183
13,north,2026-08-15T17:12:55,9,45,2.0,2.5858066082000732,0.0,2.5999999046325684,0.7077269554138184,1.2000000476837158,6.400000095367432,3.085965871810913,5.400000095367432,0.09696969389915466,0.06587471812963486,0.036363635212183
13,north,2026-08-15T17:13:00,10,50,1.0,2.581312894821167,0.0,2.4000000953674316,0.6017096042633057,1.2000000476837158,6.999999523162842,2.9944920539855957,5.400000095367432,0.07878787815570831,0.06636468321084976,0.036363635212183
13,north,2026-08-15T17:13:05,11,55,2.0,2.542496919631958,0.0,3.4000000953674316,0.6530271172523499,1.2000000476837158,7.800000190734863,2.7394843101501465,5.400000095367432,0.1090909093618393,0.06668563187122345,0.036363635212183
13,north,2026-08-15T17:13:10,12,60,1.0,2.509122371673584,0.0,2.200000047683716,0.6482072472572327,1.2000000476837158,7.400000095367432,2.6789987087249756,5.400000095367432,0.06666667014360428,0.0629650130867958,0.036363635212183
14,north,2026-08-15T17:12:20,1,5,2.0,1.7358449697494507,1.0,2.0,0.8087485432624817,1.399999976158142,5.400000095367432,3.356720209121704,5.800000190734863,0.08484848588705063,0.04970048367977142,0.04848484694957733
14,north,2026-08-15T17:12:25,2,10,0.0,2.0074596405029297,1.0,2.0,0.9061830043792725,1.399999976158142,5.0,3.2823920249938965,5.800000190734863,0.060606058686971664,0.055270370095968246,0.04848484694957733
14,north,2026-08-15T17:12:30,3,15,2.0,2.1515793800354004,1.0,1.600000023841858,0.8216955065727234,1.399999976158142,5.0,3.30625057220459,5.800000190734863,0.05454545468091965,0.05848783254623413,0.04848484694957733
14,north,2026-08-15T17:12:35,4,20,1.0,2.44878888130188,1.0,1.399999976158142,0.8385024070739746,1.399999976158142,5.0,2.996765375137329,5.800000190734863,0.04848484694957733,0.06249409168958664,0.04848484694957733
14,north,2026-08-15T17:12:40,5,25,2.0,2.6442885398864746,1.0,1.399999976158142,0.6259769201278687,1.399999976158142,5.0,2.9178054332733154,5.800000190734863,0.042424242943525314,0.06564407795667648,0.04848484694957733
14,north,2026-08-15T17:12:45,6,30,1.0,2.5854225158691406,1.0,1.7999999523162842,0.7900700569152832,1.399999976158142,5.400000095367432,3.0045223236083984,5.800000190734863,0.06666667014360428,0.0688152089715004,0.04848484694957733
14,north,2026-08-15T17:12:50,7,35,0.0,2.7045817375183105,1.0,3.0,0.7369361519813538,1.399999976158142,6.999999523162842,3.0898077487945557,5.800000190734863,0.11515151709318161,0.07128790766000748,0.04848484694957733
14,north,2026-08-15T17:12:55,8,40,2.0,2.731381416320801,1.0,2.5999999046325684,0.7500259876251221,1.399999976158142,6.400000095367432,3.05370831489563,5.800000190734863,0.09696969389915466,0.07336181402206421,0.04848484694957733
14,north,2026-08-15T17:13:00,9,45,1.0,2.6890599727630615,1.0,2.4000000953674316,0.7704733610153198,1.399999976158142,6.999999523162842,3.2621445655822754,5.800000190734863,0.07878787815570831,0.07131204009056091,0.04848484694957733
14,north,2026-08-15T17:13:05,10,50,2.0,2.6869494915008545,1.0,3.4000000953674316,0.6346695423126221,1.399999976158142,7.800000190734863,3.1226437091827393,5.800000190734863,0.1090909093618393,0.07223804295063019,0.04848484694957733
14,north,2026-08-15T17:13:10,11,55,1.0,2.6602206230163574,1.0,2.200000047683716,0.638461172580719,1.399999976158142,7.400000095367432,2.9262051582336426,5.800000190734863,0.06666667014360428,0.07222949713468552,0.04848484694957733
14,north,2026-08-15T17:13:15,12,60,1.0,2.621534824371338,1.0,2.3333332538604736,0.6640569567680359,1.399999976158142,5.666666507720947,2.653978109359741,5.800000190734863,0.12121211737394333,0.0672106146812439,0.04848484694957733
15,north,2026-08-15T17:18:20,1,5,4.0,3.679880142211914,6.0,1.399999976158142,0.5863121747970581,1.399999976158142,6.999999523162842,1.3641138076782227,6.0,0.07878787815570831,0.0835631787776947,0.1515151560306549
15,north,2026-08-15T17:18:25,2,10,1.0,3.1635897159576416,6.0,0.6000000238418579,0.5233387351036072,1.399999976158142,3.0,2.280834197998047,6.0,0.036363635212183,0.07885770499706268,0.1515151560306549
15,north,2026-08-15T17:18:30,3,15,3.0,3.097414970397949,6.0,0.800000011920929,0.5090235471725464,1.399999976158142,4.0,2.029278039932251,6.0,0.060606058686971664,0.07426436245441437,0.1515151560306549
15,north,2026-08-15T17:18:35,4,20,3.0,2.603757381439209,6.0,0.0,0.5083913207054138,1.399999976158142,0.0,1.4723142385482788,6.0,0.072727270424366,0.06280151009559631,0.1515151560306549
15,north,2026-08-15T17:18:40,5,25,1.0,2.284459352493286,6.0,0.6000000238418579,0.6593239307403564,1.399999976158142,3.0,1.9821882247924805,6.0,0.09090909361839294,0.05663406476378441,0.1515151560306549
15,north,2026-08-15T17:18:45,6,30,1.0,2.2503607273101807,6.0,0.20000000298023224,0.3706202805042267,1.399999976158142,1.0,1.731184720993042,6.0,0.08484848588705063,0.04751185327768326,0.1515151560306549
15,north,2026-08-15T17:18:50,7,35,2.0,1.9196970462799072,6.0,0.0,0.41549357771873474,1.399999976158142,0.0,1.7317482233047485,6.0,0.05454545468091965,0.046433500945568085,0.1515151560306549
15,north,2026-08-15T17:18:55,8,40,1.0,1.8388354778289795,6.0,0.0,0.33482763171195984,1.399999976158142,0.0,1.7067983150482178,6.0,0.042424242943525314,0.03994961827993393,0.1515151560306549
15,north,2026-08-15T17:19:00,9,45,1.0,1.8979064226150513,6.0,0.20000000298023224,0.40113765001296997,1.399999976158142,1.0,1.5162522792816162,6.0,0.072727270424366,0.041486792266368866,0.1515151560306549
15,north,2026-08-15T17:19:05,10,50,3.0,1.7510212659835815,6.0,0.0,0.5623975396156311,1.399999976158142,0.0,1.5373456478118896,6.0,0.09696969389915466,0.03813794255256653,0.1515151560306549
15,north,2026-08-15T17:19:10,11,55,2.0,1.888871669769287,6.0,0.0,0.5811825394630432,1.399999976158142,0.0,1.989890217781067,6.0,0.072727270424366,0.038366615772247314,0.1515151560306549
15,north,2026-08-15T17:19:15,12,60,0.0,1.7703725099563599,6.0,0.0,0.5357303619384766,1.399999976158142,0.0,2.4824798107147217,6.0,0.07575757801532745,0.040172796696424484,0.1515151560306549
