#{"t_start": 1788079090.1634924, "env_id": "None"}
r,l,t
-0.239651,12,2.918545
0.159878,12,4.630755
-0.027687,12,6.427475
-0.199561,12,8.258567
-0.083731,12,10.102757
-0.429811,12,11.901877
0.039462,12,13.723307
-0.174525,12,15.594092
0.231343,12,17.174635
0.06273,12,18.879219
0.13084,12,20.573338
0.092583,12,22.357351
0.137637,12,24.031449
0.216879,12,25.76717
-0.397051,12,27.573874
0.356243,12,29.188942
0.083557,12,30.9081
0.013491,12,32.654565
0.154804,12,34.361192
0.205837,12,36.099709
0.110949,12,37.807886
-0.344028,12,39.598011
0.000256,12,41.267033
-0.19619,12,43.128275
0.041296,12,44.819957
0.223887,12,46.558621
0.033014,12,48.306939
-0.134215,12,50.034452
0.202936,12,51.699154
0.275107,12,53.473578
0.245847,12,55.116855
-0.314489,12,56.839407
-0.139808,12,58.633915
0.120364,12,60.353169
0.069136,12,61.972394
-0.356228,12,63.755164
-0.231851,12,65.520689
-0.020502,12,67.209978
0.158217,12,68.866889
-0.193831,12,70.681391
-0.00473,12,72.398806
0.08654,12,74.155098
-0.256899,12,76.337427
-0.340822,12,78.147173
0.29187,12,79.813313
0.259933,12,81.464211
0.169707,12,83.203401
-0.010448,12,84.865118
0.187356,12,86.568252
-0.031435,12,88.309748
-0.208379,12,90.153025
0.0042,12,91.814232
0.078996,12,93.488607
-0.091277,12,95.238081
0.172273,12,96.927271
0.181791,12,98.642484
0.003338,12,100.465671
-0.206606,12,102.216876
-0.059588,12,103.925655
0.039612,12,105.652399
0.2022,12,107.434646
-0.150906,12,109.283294
0.077565,12,110.972479
0.213944,12,112.567437
0.384016,12,114.190104
-0.071954,12,115.840184
0.121562,12,117.485758
-0.061862,12,119.186315
0.111037,12,120.844137
0.048223,12,122.677632
0.222365,12,124.392723
0.049379,12,126.188152
0.127548,12,127.758819
0.432869,12,129.325067
-0.037014,12,130.994815
0.084519,12,132.762143
0.005017,12,134.414323
0.081015,12,136.08794
0.155111,12,137.795563
-0.087815,12,139.526155
0.341545,12,141.279513
0.087821,12,143.00824
-0.160142,12,144.803988
0.1583,12,146.52181
0.010619,12,148.183427
-0.34766,12,150.360041
0.110619,12,152.069927
0.154342,12,153.783321
0.584581,12,155.356879
0.202141,12,157.107943
-0.024271,12,158.777697
0.134568,12,160.517813
0.23207,12,162.231567
0.114667,12,163.9579
-0.030809,12,165.617457
-0.06227,12,167.301779
0.063743,12,169.017921
0.124146,12,170.682096
0.282333,12,172.33861
0.259463,12,173.969456
0.293841,12,175.640654
0.024926,12,177.396928
0.217631,12,179.033296
0.373435,12,180.627834
0.121577,12,182.334117
0.187154,12,184.081958
-0.147671,12,185.72066
0.002362,12,187.334154
-0.126744,12,189.208794
0.037768,12,190.996381
0.253845,12,192.601894
0.073536,12,194.182615
-0.234707,12,195.91661
0.032863,12,197.603151
0.006518,12,199.381216
0.104335,12,200.954166
-0.201293,12,202.713016
0.086819,12,204.493448
0.00889,12,206.262987
0.146156,12,207.998628
-0.015636,12,209.672433
-0.083585,12,211.390042
0.265063,12,213.126041
-0.07326,12,214.859625
-0.090753,12,216.512602
0.059686,12,218.266702
-0.297688,12,220.016438
0.049296,12,221.715882
0.01468,12,223.706489
0.21828,12,225.447772
0.533746,12,226.962212
0.227596,12,228.667174
-0.000523,12,230.373896
0.263324,12,232.102654
0.110865,12,233.80184
0.062499,12,235.482893
-0.074591,12,237.210194
0.003116,12,238.888658
0.234944,12,240.50358
0.350457,12,242.039904
0.198435,12,243.666598
0.426863,12,245.224948
-0.23683,12,246.974451
0.187303,12,248.626326
0.218056,12,250.221105
0.199875,12,251.92308
0.036592,12,253.655268
0.193286,12,255.304079
-0.004533,12,257.038112
-0.019571,12,258.708699
0.376013,12,260.214818
0.132645,12,261.841629
0.209972,12,263.533242
0.371901,12,265.191686
0.082798,12,266.922257
0.102577,12,268.611635
0.232753,12,270.316148
0.096853,12,271.951258
0.157966,12,273.580872
-0.129766,12,275.289269
0.070699,12,276.88402
0.213873,12,278.527149
0.085685,12,280.201813
-0.057834,12,282.002982
0.340476,12,283.622969
0.309651,12,285.316812
0.268786,12,286.93263
0.158046,12,288.611962
0.194551,12,290.26393
0.324666,12,291.960357
0.154204,12,293.97012
-0.126924,12,295.656627
0.327528,12,297.250793
0.272455,12,298.771306
0.213934,12,300.426287
0.244672,12,302.022552
0.27325,12,303.698707
0.237085,12,305.295212
0.477948,12,306.911529
-0.109585,12,308.672596
0.099081,12,310.236846
0.286906,12,311.850414
0.173052,12,313.502669
0.307798,12,315.211218
0.354236,12,316.727889
-0.04599,12,318.293517
0.241413,12,319.866179
0.205356,12,321.61269
-0.022777,12,323.348169
0.268516,12,324.998319
-0.324635,12,326.712844
-0.136007,12,328.482212
0.149712,12,330.118137
0.507347,12,331.843856
0.415309,12,333.568424
-0.18478,12,335.380831
0.37158,12,336.946594
0.263626,12,338.585696
0.234751,12,340.23157
-0.074375,12,341.94249
-0.095355,12,343.687944
0.163234,12,345.341081
0.334062,12,346.976298
0.249933,12,348.540148
0.129477,12,350.176294
0.26749,12,351.807577
0.232116,12,353.411376
0.125965,12,355.041762
0.465018,12,356.684893
0.190969,12,358.266339
0.311269,12,359.856748
0.152115,12,361.625843
0.191757,12,363.272399
0.413386,12,365.313478
0.221567,12,367.00711
0.20056,12,368.665535
0.034058,12,370.335186
0.426343,12,371.925281
0.180383,12,373.534508
0.068062,12,375.213892
0.354825,12,376.873948
0.367361,12,378.445518
0.393218,12,379.99676
0.267702,12,381.547626
0.276651,12,383.234636
0.347551,12,384.761753
0.204265,12,386.40953
0.202644,12,388.054301
0.276093,12,389.713356
0.306308,12,391.358785
-0.073923,12,393.020021
0.374713,12,394.662432
0.259424,12,396.318627
0.228661,12,397.985671
0.272757,12,399.603458
0.629516,12,401.140421
0.104714,12,402.790343
0.33657,12,404.422303
0.174614,12,406.033582
-0.0432,12,407.736873
0.087927,12,409.427477
0.130236,12,411.064581
0.126997,12,412.752464
0.481143,12,414.428729
0.084783,12,416.164473
0.076329,12,417.917651
0.080646,12,419.566336
0.215201,12,421.184435
0.216339,12,422.855175
0.082654,12,424.436539
0.197615,12,426.043926
0.300464,12,427.670229
0.488932,12,429.309962
0.167749,12,430.899427
-0.044171,12,432.648851
0.094278,12,434.312986
0.29547,12,436.377348
0.254854,12,438.055148
0.356489,12,439.587943
0.200512,12,441.312293
0.614292,12,442.803038
0.294178,12,444.405967
0.154018,12,446.15545
0.349537,12,447.752324
0.330246,12,449.343261
0.228531,12,450.911674
-0.085642,12,452.577672
0.239517,12,454.2436
0.120895,12,455.942446
0.472867,12,457.488363
0.280983,12,459.05107
0.551309,12,460.591191
0.469186,12,462.19426
0.278763,12,463.797002
0.346299,12,465.361464
0.446469,12,466.912865
0.070673,12,468.512908
0.135867,12,470.176224
0.318458,12,471.782146
0.175801,12,473.375185
0.174247,12,474.922487
-0.027811,12,476.578604
0.176904,12,478.204369
0.453816,12,479.753845
0.431564,12,481.337052
0.12536,12,483.026406
0.429329,12,484.654381
0.472796,12,486.16742
0.035882,12,487.784832
0.1662,12,489.538182
0.334687,12,491.09387
0.09387,12,492.764888
0.242191,12,494.364238
0.487072,12,495.882186
0.22149,12,497.511214
0.439693,12,499.063756
0.461248,12,500.650891
0.164972,12,502.225225
0.175287,12,504.273247
0.149699,12,505.789381
-0.12809,12,507.551335
0.452833,12,509.091766
0.459495,12,510.724191
0.215923,12,512.416617
0.446076,12,513.94475
0.558453,12,515.691237
0.392864,12,517.223188
0.27057,12,518.826242
0.335095,12,520.370398
0.465579,12,521.964241
0.387369,12,523.509106
0.482994,12,525.105884
0.512351,12,526.561749
0.117206,12,528.245282
0.377355,12,529.875223
0.496558,12,531.407297
0.442843,12,533.046036
0.528542,12,534.643326
0.263156,12,536.166606
0.561916,12,537.756017
0.300847,12,539.334054
0.457763,12,540.907939
0.275951,12,542.497328
0.3296,12,544.041226
0.138568,12,545.673149
0.284308,12,547.253289
0.387667,12,548.84006
0.520439,12,550.417512
0.311444,12,551.978239
0.290879,12,553.674885
-0.102936,12,555.358293
0.346261,12,556.980544
0.442176,12,558.569768
0.408016,12,560.136853
0.63576,12,561.713901
0.527509,12,563.314429
0.316539,12,564.874845
0.421158,12,566.45695
0.501111,12,567.93136
-0.111123,12,569.618371
0.079137,12,571.270837
0.320648,12,573.264146
0.261354,12,574.753871
0.297518,12,576.381032
0.410759,12,577.924698
0.417779,12,579.383231
0.531536,12,580.899247
0.149559,12,582.519994
0.169324,12,584.182554
0.371948,12,586.063984
0.381668,12,587.757922
0.458608,12,589.270811
0.588631,12,590.777797
0.30692,12,592.341134
0.274397,12,593.902432
0.377518,12,595.532823
0.257664,12,597.066597
0.374751,12,598.658514
0.062303,12,600.301316
0.677392,12,601.840458
0.241865,12,603.419179
0.358925,12,604.925653
0.451549,12,606.452605
0.458591,12,608.02861
0.410397,12,609.837525
0.510869,12,611.86118
0.327504,12,613.872239
0.383819,12,615.514574
0.544328,12,617.080291
0.341483,12,618.693783
0.234474,12,620.244687
0.335014,12,621.923081
0.547565,12,623.499868
0.298521,12,625.121087
0.47001,12,626.642647
0.451107,12,628.197284
0.628949,12,629.688406
0.460021,12,631.267627
0.297559,12,632.907468
0.58816,12,634.463033
0.518742,12,636.009646
0.552077,12,637.54284
0.634248,12,639.057979
0.246127,12,640.801022
0.387295,12,642.612904
0.488355,12,644.146746
0.471531,12,645.744684
0.218707,12,647.307907
0.131175,12,648.892803
0.410727,12,650.493369
0.593511,12,652.036515
0.423365,12,653.571999
0.530707,12,655.095294
0.379686,12,656.653582
0.298322,12,658.243176
0.475721,12,659.802428
0.381852,12,661.368606
0.770752,12,662.898632
0.508674,12,664.431501
0.358631,12,666.063795
0.335421,12,667.578609
0.509362,12,669.157579
0.567825,12,670.770503
0.586732,12,672.326662
0.242622,12,673.978778
0.813699,12,675.524102
0.408296,12,677.027729
0.384218,12,678.514533
0.355593,12,680.103705
0.37892,12,681.618909
0.333691,12,683.227163
0.393848,12,684.846549
0.121492,12,686.350037
0.199975,12,687.94417
0.598474,12,689.460932
0.444588,12,691.144515
0.415681,12,692.743123
0.350765,12,694.40143
0.641701,12,695.954256
0.572042,12,697.492971
0.121026,12,699.181778
0.361096,12,700.761285
0.466696,12,702.265024
0.769392,12,703.718201
0.348923,12,705.338534
0.420276,12,706.891765
0.279809,12,708.886161
0.123768,12,710.583845
0.381995,12,712.148953
0.331048,12,713.712982
0.687939,12,715.200226
0.499167,12,716.677857
0.536184,12,718.227513
0.578214,12,719.714038
0.383752,12,721.366588
0.619258,12,722.875792
0.73452,12,724.458967
0.350736,12,726.04451
0.480647,12,727.59472
0.294762,12,729.114693
0.627834,12,730.616675
0.443783,12,732.1726
0.427175,12,733.84693
0.468221,12,735.474298
0.62885,12,737.017539
0.353548,12,738.562171
0.45871,12,740.110912
0.457091,12,741.59824
0.619325,12,743.091964
0.266981,12,744.65475
0.412574,12,746.099019
0.245591,12,747.648141
0.307795,12,749.198389
0.392803,12,750.692615
0.325522,12,752.328526
0.714807,12,753.810071
0.404664,12,755.362507
0.310621,12,756.931007
0.083728,12,758.431284
0.346714,12,760.024862
0.565548,12,761.544173
0.392598,12,763.044684
0.472765,12,764.706985
0.63048,12,766.251042
0.714365,12,767.725713
0.637762,12,769.313587
0.459675,12,770.890394
0.380565,12,772.37991
0.473822,12,773.90691
0.346964,12,775.878275
0.649216,12,777.429938
0.582052,12,778.980256
0.466264,12,780.583259
0.597329,12,782.076243
0.356071,12,783.580491
0.648959,12,785.159451
0.292008,12,786.78893
0.675485,12,788.303303
0.712827,12,789.798156
0.539319,12,791.352624
0.594265,12,792.927354
0.28128,12,794.459423
0.600383,12,796.046189
0.54787,12,797.616693
0.620459,12,799.252981
0.627127,12,800.755284
0.65793,12,802.231255
0.855833,12,803.718689
0.472593,12,805.182586
0.669086,12,806.680832
0.269137,12,808.275446
-0.098826,12,809.988474
0.549952,12,811.55125
0.591812,12,813.044686
0.31444,12,814.59211
0.535209,12,816.21609
0.442056,12,817.834776
0.371408,12,819.377232
0.445032,12,820.934277
0.375295,12,822.439573
0.479083,12,823.97876
0.100976,12,825.639721
0.317132,12,827.205224
0.241236,12,828.785599
0.481411,12,830.356899
0.693513,12,831.862579
0.415304,12,833.392074
0.527717,12,834.939003
0.938549,12,836.366963
0.619179,12,837.824636
0.582584,12,839.398241
0.642883,12,840.926297
0.537549,12,842.727942
0.71772,12,844.223573
0.463818,12,845.726721
0.404766,12,847.199673
0.501642,12,848.766229
0.511096,12,850.401205
0.615064,12,851.921644
0.534412,12,853.551456
0.393406,12,855.081218
0.518189,12,856.632946
0.40948,12,858.208978
0.633534,12,859.632501
0.784081,12,861.056865
0.626761,12,862.449392
0.655245,12,863.940897
0.567552,12,865.379938
0.689553,12,866.88326
0.603783,12,868.367237
0.627788,12,869.83114
0.711791,12,871.335995
0.478669,12,872.909717
0.698179,12,874.408701
0.680872,12,875.929282
0.633532,12,877.464747
0.580352,12,878.965667
0.538205,12,880.588745
0.440961,12,882.117082
0.755932,12,884.340378
0.562913,12,885.930799
0.423626,12,887.396224
0.149821,12,889.013294
0.669605,12,890.646955
0.356172,12,892.331906
0.376252,12,893.860297
0.53223,12,895.402285
0.505018,12,896.884858
0.57199,12,898.342749
0.504236,12,899.911381
0.562107,12,901.48244
0.352512,12,902.941087
0.715096,12,904.475983
0.534596,12,905.944673
0.608932,12,907.740339
0.549871,12,909.234028
0.554284,12,910.72639
0.483712,12,912.172639
0.622137,12,913.677031
0.842818,12,915.151459
0.525219,12,916.764364
0.817178,12,918.251378
0.503405,12,919.730305
0.593724,12,921.297528
0.541374,12,922.751836
0.670967,12,924.205422
0.764138,12,925.640661
0.524718,12,927.128227
0.661333,12,928.740082
0.568647,12,930.27818
0.495531,12,931.865072
0.482536,12,933.536456
0.532416,12,935.076223
0.552452,12,936.620566
0.840976,12,938.09717
0.696374,12,939.503506
0.506614,12,941.084797
0.299435,12,942.678783
0.608062,12,944.168742
0.593602,12,945.726346
0.458882,12,947.233839
0.656288,12,948.730375
0.670484,12,950.25088
0.465813,12,951.730552
0.54921,12,953.265803
0.584827,12,954.765023
0.609886,12,956.32343
0.302801,12,957.887259
0.678603,12,959.352213
0.245438,12,961.027559
0.533884,12,962.563097
0.540484,12,964.062176
0.73281,12,965.528193
0.660604,12,966.950703
0.640118,12,968.467306
0.572076,12,969.932494
0.411919,12,971.454767
0.324062,12,973.329429
0.648325,12,974.764342
0.50778,12,976.201312
0.317663,12,977.788344
0.52671,12,979.259538
0.433494,12,980.798241
0.812694,12,982.215969
0.588736,12,983.706409
0.63104,12,985.188573
0.555652,12,986.671446
0.422694,12,988.225835
0.671394,12,989.774416
0.637681,12,991.274808
0.583775,12,992.834642
0.435565,12,994.298299
0.618163,12,995.836957
0.501797,12,997.312739
0.761548,12,998.681157
0.330429,12,1000.238211
0.511218,12,1001.719527
0.80605,12,1003.186057
0.236406,12,1004.76494
0.776768,12,1006.133066
0.555315,12,1007.578704
0.479994,12,1009.162397
0.649906,12,1010.629112
0.521118,12,1012.094233
0.640173,12,1013.547859
0.302295,12,1015.104163
0.638861,12,1016.605072
0.708138,12,1018.09474
0.518878,12,1019.584295
0.658684,12,1021.092089
0.641607,12,1022.608878
0.530491,12,1024.064354
0.426135,12,1025.532761
0.520052,12,1027.03193
0.364991,12,1028.537357
0.51583,12,1030.030483
0.677477,12,1031.496496
0.523683,12,1033.074502
0.859933,12,1034.488818
0.701526,12,1035.961921
0.535581,12,1037.822945
0.359509,12,1039.331486
0.56084,12,1040.843346
0.675622,12,1042.301631
0.637293,12,1043.768187
0.707027,12,1045.241855
0.619274,12,1046.715187
0.570836,12,1048.21824
0.682683,12,1049.628719
0.3845,12,1051.070524
0.645214,12,1052.616535
0.648386,12,1054.070682
0.65225,12,1055.55563
0.712655,12,1056.994039
0.621057,12,1058.514209
0.584766,12,1060.006314
0.58131,12,1061.484562
0.74335,12,1062.912223
0.79193,12,1064.35347
0.749483,12,1065.898708
0.853954,12,1067.282711
0.818199,12,1068.687352
0.795193,12,1070.158776
0.621775,12,1071.712962
0.659868,12,1073.140976
0.720046,12,1074.566238
0.634734,12,1076.122952
0.643762,12,1077.582948
0.729647,12,1079.081033
0.9105,12,1080.487087
0.829216,12,1082.038389
0.576087,12,1083.503115
0.357402,12,1085.107294
0.402177,12,1086.696487
0.720666,12,1088.208497
0.7239,12,1089.638557
0.734629,12,1091.230857
0.4311,12,1092.751429
0.647137,12,1094.191754
0.391909,12,1095.672154
0.290417,12,1097.237226
0.554718,12,1098.838802
0.484765,12,1100.773048
0.608576,12,1102.277863
0.476328,12,1103.773296
0.691383,12,1105.270189
0.56158,12,1106.752769
0.677606,12,1108.305146
0.653973,12,1109.789104
0.685166,12,1111.246819
0.647273,12,1112.753064
0.404426,12,1114.181786
0.641009,12,1115.774702
0.6147,12,1117.178148
0.761291,12,1118.639709
0.743738,12,1119.988091
0.621678,12,1121.551064
0.882028,12,1122.966841
0.638184,12,1124.456149
0.489533,12,1126.003102
0.820814,12,1127.375665
0.775958,12,1128.879943
0.625783,12,1130.430951
0.5893,12,1131.959687
0.557744,12,1133.436096
0.580646,12,1134.941642
0.411135,12,1136.391766
0.582863,12,1137.81311
0.569962,12,1139.233766
0.501686,12,1140.754534
0.614126,12,1142.218962
0.617509,12,1143.818474
0.675404,12,1145.242216
0.692613,12,1146.759743
0.528074,12,1148.379349
0.640534,12,1149.915225
0.559097,12,1151.371252
0.646187,12,1152.792909
0.525541,12,1154.276373
0.824768,12,1155.717312
0.750967,12,1157.211516
0.753604,12,1158.591526
0.481174,12,1160.066797
0.651901,12,1161.550762
0.800607,12,1162.95387
0.571856,12,1164.69724
0.852697,12,1166.204944
0.460924,12,1167.685627
0.75723,12,1169.06067
0.70196,12,1170.532345
0.711911,12,1172.032401
0.566974,12,1173.468118
0.417582,12,1175.003925
0.906162,12,1176.453606
0.558231,12,1177.917544
0.644649,12,1179.342912
0.713228,12,1180.876473
0.722887,12,1182.254308
0.585633,12,1183.820923
0.543381,12,1185.235209
0.74486,12,1186.607692
0.684461,12,1188.085562
0.768063,12,1189.556406
0.692354,12,1191.076876
0.530793,12,1192.620428
0.772471,12,1194.088387
0.583535,12,1195.56728
0.562112,12,1197.069036
0.740204,12,1198.526041
0.581776,12,1200.062135
0.653877,12,1201.435212
0.619122,12,1203.016943
0.7489,12,1204.490833
0.674496,12,1205.949491
0.682567,12,1207.428715
0.607289,12,1208.957972
0.663484,12,1210.453495
0.636557,12,1211.989543
0.575621,12,1213.495136
0.613375,12,1214.973066
0.52523,12,1216.472704
0.695039,12,1217.948795
0.822922,12,1219.320043
0.704281,12,1220.783225
0.712946,12,1222.225066
0.596521,12,1223.653488
0.760126,12,1225.06569
0.710781,12,1226.521701
0.563795,12,1228.40062
0.615141,12,1229.903679
0.382606,12,1231.437136
0.551228,12,1233.083817
0.704671,12,1234.55896
0.594815,12,1236.028394
0.772972,12,1237.404723
0.671315,12,1238.879552
0.735493,12,1240.334937
0.433398,12,1241.846092
0.936924,12,1243.28031
0.623839,12,1244.722969
0.83307,12,1246.220423
0.591396,12,1247.743032
0.688817,12,1249.277861
0.694544,12,1250.73518
0.711267,12,1252.115371
0.673761,12,1253.610488
0.603312,12,1255.128723
0.58965,12,1256.606214
0.602394,12,1258.043043
0.411185,12,1259.58703
0.531187,12,1261.150051
0.785277,12,1262.603447
0.682337,12,1263.993465
0.376911,12,1265.583899
0.621358,12,1267.013705
0.717319,12,1268.562651
0.785934,12,1270.036606
0.592325,12,1271.591035
0.775046,12,1273.03415
0.605441,12,1274.429368
0.614284,12,1275.94959
0.871865,12,1277.435303
0.831443,12,1278.860759
0.714196,12,1280.257147
0.62249,12,1281.757362
0.73752,12,1283.212535
0.619017,12,1284.854978
0.57835,12,1286.275755
0.830169,12,1287.722355
0.546158,12,1289.214172
0.772379,12,1291.025475
0.607201,12,1292.63114
0.648082,12,1294.093502
0.624191,12,1295.669932
0.702719,12,1297.132614
0.709981,12,1298.58512
0.581406,12,1300.047443
0.687022,12,1301.54997
0.567979,12,1302.94477
0.779656,12,1304.379778
0.607795,12,1305.91442
0.677508,12,1307.327805
0.741501,12,1308.710274
0.742282,12,1310.233055
0.690476,12,1311.755151
0.786107,12,1313.162588
0.66308,12,1314.654365
0.635921,12,1316.100136
0.571166,12,1317.519965
0.585585,12,1319.039937
0.619083,12,1320.455599
0.771556,12,1321.916419
0.34767,12,1323.437133
0.521664,12,1324.978884
0.627308,12,1326.426675
0.704348,12,1327.976569
0.563687,12,1329.496223
0.409328,12,1330.990537
0.605504,12,1332.525392
0.679217,12,1333.969617
0.590372,12,1335.492756
0.567029,12,1336.936964
0.73676,12,1338.434554
0.513701,12,1339.936342
0.682724,12,1341.369094
0.676284,12,1342.882494
0.682075,12,1344.311996
0.692653,12,1345.777638
0.716215,12,1347.243175
0.683695,12,1348.707421
0.615106,12,1350.134731
0.756514,12,1351.729403
0.691719,12,1353.143444
0.768408,12,1354.987966
0.730833,12,1356.514005
0.606971,12,1357.964843
0.577033,12,1359.453046
0.693859,12,1360.90705
0.65622,12,1362.409742
0.575527,12,1363.74016
0.620355,12,1365.252642
0.633836,12,1366.752065
0.638222,12,1368.196309
0.843127,12,1369.609143
0.417547,12,1371.154798
0.60776,12,1372.68672
0.635686,12,1374.166967
0.489155,12,1375.6394
0.836017,12,1377.062727
0.816498,12,1378.496011
0.701056,12,1379.953135
0.62063,12,1381.410322
0.414559,12,1382.919953
0.730283,12,1384.377454
0.645385,12,1385.878978
0.642834,12,1387.328789
0.57043,12,1388.840126
0.517794,12,1390.329197
0.851851,12,1391.71327
0.672028,12,1393.206009
0.682279,12,1394.666245
0.905727,12,1396.135844
0.785493,12,1397.537202
0.752031,12,1399.007672
0.70507,12,1400.512299
0.827982,12,1401.944003
0.628115,12,1403.392745
0.720584,12,1404.827425
0.543008,12,1406.285208
0.737689,12,1407.785122
0.700567,12,1409.275364
0.781395,12,1410.753239
0.833296,12,1412.216468
0.709768,12,1413.643552
0.730107,12,1415.224739
0.686982,12,1416.651006
0.832794,12,1418.46636
0.455606,12,1419.950884
0.806372,12,1421.368037
0.74284,12,1422.831727
0.708764,12,1424.34734
0.678746,12,1425.801205
0.650491,12,1427.365003
0.689016,12,1428.877655
0.662497,12,1430.309196
0.6845,12,1431.785422
0.441909,12,1433.318463
0.444028,12,1434.855564
0.720398,12,1436.32677
0.639049,12,1437.833366
0.693364,12,1439.264054
0.611127,12,1440.714263
0.734339,12,1442.206313
0.788742,12,1443.664873
0.613841,12,1445.201645
0.730278,12,1446.583893
0.541435,12,1448.026181
0.540473,12,1449.524253
0.615892,12,1451.047268
0.670401,12,1452.497384
0.477187,12,1454.025324
0.690635,12,1455.466943
0.480825,12,1457.058276
0.703585,12,1458.566776
0.918684,12,1459.95794
0.875938,12,1461.364539
0.676261,12,1462.825298
0.660305,12,1464.28389
0.337993,12,1465.830992
0.768277,12,1467.277265
0.814714,12,1468.884229
0.712533,12,1470.283969
0.599079,12,1471.731017
0.735212,12,1473.193018
0.602237,12,1474.662993
0.565563,12,1476.058956
0.579491,12,1477.510586
0.719338,12,1478.874045
0.637547,12,1480.738127
0.817371,12,1482.185221
0.699813,12,1483.635633
0.722237,12,1485.146591
0.565911,12,1486.613152
0.696842,12,1488.047271
0.51499,12,1489.572837
0.650972,12,1491.00343
0.660927,12,1492.444402
0.680301,12,1493.996903
0.541501,12,1495.532628
0.637594,12,1497.045525
0.472827,12,1498.595025
0.781159,12,1500.079077
0.711841,12,1501.491858
0.677995,12,1502.923287
0.599519,12,1504.381999
0.723347,12,1505.829711
0.539784,12,1507.326149
0.553373,12,1508.721334
0.742163,12,1510.223166
0.709547,12,1511.707673
0.616988,12,1513.240545
0.643052,12,1514.736413
0.64501,12,1516.203881
0.838217,12,1517.643617
0.680961,12,1519.102659
0.885011,12,1520.556853
0.86027,12,1521.947295
0.597871,12,1523.395435
0.841174,12,1524.863209
0.560116,12,1526.350896
0.722089,12,1527.785454
0.54876,12,1529.314398
0.681556,12,1530.863899
0.827246,12,1532.261528
0.676366,12,1533.698832
0.707787,12,1535.121351
0.783263,12,1536.56738
0.99825,12,1537.977198
0.614393,12,1539.423773
0.805572,12,1540.779726
0.588439,12,1542.274885
0.595438,12,1544.093858
0.848915,12,1545.461111
0.7539,12,1546.893454
0.46038,12,1548.375355
0.785053,12,1549.781326
0.482144,12,1551.287864
0.882114,12,1552.799817
0.71233,12,1554.254121
0.721388,12,1555.691048
0.559901,12,1557.156159
0.457518,12,1558.590949
0.566844,12,1560.033801
0.660136,12,1561.487985
0.630217,12,1562.968233
0.592812,12,1564.426033
0.679302,12,1565.927405
0.887084,12,1567.350787
0.979396,12,1568.696631
0.860852,12,1570.212878
0.514659,12,1571.69668
0.869283,12,1573.158292
0.74216,12,1574.679725
0.579789,12,1576.105685
0.664593,12,1577.666165
0.605385,12,1579.111792
0.671405,12,1580.491468
0.518194,12,1581.932705
0.40809,12,1583.430021
0.805742,12,1584.791159
0.716736,12,1586.315633
0.871831,12,1587.720692
0.882867,12,1589.200213
0.640314,12,1590.678477
0.752577,12,1592.113455
0.459075,12,1593.482823
0.74895,12,1594.862377
0.524162,12,1596.329962
0.752759,12,1597.830391
0.581287,12,1599.203732
0.609201,12,1600.651008
0.52052,12,1602.136972
0.932082,12,1603.554579
0.859318,12,1604.959383
0.651781,12,1606.752231
0.719659,12,1608.191214
0.698735,12,1609.609892
0.70451,12,1610.994526
0.855873,12,1612.418828
0.641999,12,1613.825919
0.680587,12,1615.252904
0.681411,12,1616.67968
0.67965,12,1618.072327
0.72772,12,1619.546015
0.732603,12,1621.002032
0.464216,12,1622.488395
0.85277,12,1623.903505
0.751474,12,1625.356115
0.643638,12,1626.918599
0.643497,12,1628.40233
0.511188,12,1630.008353
0.666944,12,1631.406571
0.639224,12,1632.831807
0.547786,12,1634.288884
0.861835,12,1635.685638
0.55571,12,1637.089849
0.727283,12,1638.474502
0.752098,12,1639.905978
0.641935,12,1641.365075
0.573317,12,1642.95622
0.318913,12,1644.479923
0.775928,12,1645.913486
0.727397,12,1647.331947
0.599655,12,1648.902157
0.468957,12,1650.496391
0.6855,12,1651.998832
0.522785,12,1653.406996
0.698387,12,1654.834494
0.830516,12,1656.298936
0.924271,12,1657.736621
0.63709,12,1659.175077
0.891842,12,1660.628798
0.741654,12,1662.052904
0.890778,12,1663.540159
0.846727,12,1664.953779
0.565919,12,1666.450319
0.858179,12,1668.200567
0.63024,12,1669.645286
0.641316,12,1671.06709
0.415806,12,1672.633579
0.67395,12,1674.079365
0.681712,12,1675.569081
0.785821,12,1677.069849
0.748508,12,1678.536892
0.577423,12,1679.981195
0.693804,12,1681.47682
0.776688,12,1682.882321
0.600484,12,1684.27579
0.595937,12,1685.671442
0.864436,12,1687.102566
0.721096,12,1688.47839
0.695169,12,1689.95489
0.553808,12,1691.408148
0.820381,12,1692.879452
0.471434,12,1694.450237
0.918653,12,1695.892118
0.786187,12,1697.338975
0.701739,12,1698.805957
0.729916,12,1700.219191
0.832545,12,1701.612289
0.55356,12,1703.107029
0.504199,12,1704.612762
0.758875,12,1706.094096
0.820565,12,1707.463641
0.628753,12,1708.932435
0.620278,12,1710.364955
0.677427,12,1711.823345
0.791829,12,1713.19383
0.834485,12,1714.639773
0.734991,12,1716.085359
0.802098,12,1717.445039
0.768056,12,1718.893187
0.547371,12,1720.383678
0.584428,12,1721.860879
0.675497,12,1723.347688
0.821511,12,1724.782474
0.619888,12,1726.214424
0.622637,12,1727.70541
0.648054,12,1729.160216
0.551072,12,1731.01474
0.691022,12,1732.496527
0.809907,12,1733.891906
0.681672,12,1735.333608
0.851024,12,1736.75805
0.738328,12,1738.193743
0.63797,12,1739.69144
0.425391,12,1741.267103
0.627235,12,1742.632379
0.684355,12,1744.12813
0.724486,12,1745.571522
0.641057,12,1747.057086
0.726106,12,1748.509256
0.618612,12,1749.998602
0.535088,12,1751.564933
0.773498,12,1753.013901
0.845479,12,1754.448256
0.781073,12,1755.870078
0.716984,12,1757.289142
0.633047,12,1758.789668
0.757162,12,1760.212718
0.733653,12,1761.645367
0.818016,12,1763.076751
0.785611,12,1764.460983
0.64003,12,1765.861266
0.829515,12,1767.275679
0.761335,12,1768.615365
0.760346,12,1769.999174
0.626377,12,1771.498709
0.569312,12,1772.93305
0.60209,12,1774.368709
0.807041,12,1775.870139
0.572883,12,1777.402804
0.613279,12,1778.834508
0.78664,12,1780.242118
0.7143,12,1781.698224
0.79892,12,1783.113676
0.826262,12,1784.494389
0.540456,12,1785.985709
0.502964,12,1787.482263
0.581892,12,1789.00153
0.83746,12,1790.453582
0.663647,12,1791.877459
0.727989,12,1793.660311
0.801906,12,1795.097333
0.767515,12,1796.516226
0.64868,12,1798.064867
0.964621,12,1799.434627
0.550516,12,1800.883747
0.684002,12,1802.278968
0.610308,12,1803.729837
0.603601,12,1805.257638
0.679008,12,1806.627562
0.861666,12,1808.039524
0.886748,12,1809.444426
0.875974,12,1810.886397
0.658291,12,1812.277102
0.640947,12,1813.673474
0.677618,12,1815.051131
0.832254,12,1816.421246
0.77771,12,1817.808566
0.476943,12,1819.316398
0.433949,12,1820.869795
0.746982,12,1822.255923
0.878904,12,1823.627499
0.844098,12,1825.040293
0.572478,12,1826.426038
0.788397,12,1827.783586
0.781423,12,1829.176495
0.851509,12,1830.581691
0.69405,12,1831.952945
0.593754,12,1833.397462
0.778299,12,1834.748996
0.690836,12,1836.14804
0.477774,12,1837.603516
0.715718,12,1838.99977
0.653057,12,1840.450093
0.545932,12,1841.953226
0.848144,12,1843.376518
0.574781,12,1844.822748
0.721356,12,1846.320106
0.633935,12,1847.805151
0.589713,12,1849.254432
0.771724,12,1850.687212
0.660997,12,1852.131836
0.918306,12,1853.923241
0.786075,12,1855.384012
0.660704,12,1856.787432
0.522377,12,1858.260041
0.926066,12,1859.694166
0.917046,12,1861.113366
0.786132,12,1862.554717
0.616742,12,1864.006793
0.824839,12,1865.436369
0.592975,12,1866.867934
0.876475,12,1868.257745
0.859909,12,1869.614328
0.83183,12,1871.023951
0.78084,12,1872.423474
0.83275,12,1873.7702
0.857648,12,1875.1694
0.665754,12,1876.658533
0.762361,12,1878.080449
0.648856,12,1879.518782
0.956479,12,1880.816922
0.711261,12,1882.179819
0.775878,12,1883.571242
0.778566,12,1884.954615
0.776601,12,1886.328422
0.704553,12,1887.734333
0.835279,12,1889.202733
0.736393,12,1890.584667
0.71186,12,1892.033144
0.773991,12,1893.439814
0.732288,12,1894.915037
0.614026,12,1896.395031
0.739582,12,1897.843936
0.785028,12,1899.290936
0.886806,12,1900.754207
0.653969,12,1902.136763
0.753193,12,1903.563586
0.648928,12,1905.032147
0.558444,12,1906.489373
0.811851,12,1907.956898
0.668503,12,1909.342233
0.727463,12,1910.710128
0.562681,12,1912.18199
0.660043,12,1913.5296
0.702267,12,1915.299273
0.795147,12,1916.691357
0.721533,12,1918.086286
0.655784,12,1919.533563
0.591651,12,1920.957535
0.722316,12,1922.39483
0.488476,12,1923.827736
0.760324,12,1925.297089
0.891308,12,1926.69301
0.670694,12,1928.201998
0.670209,12,1929.602388
0.834794,12,1931.004315
0.618676,12,1932.50875
0.975478,12,1933.960611
0.602877,12,1935.400224
0.673799,12,1936.868482
0.848315,12,1938.231573
0.656787,12,1939.633564
0.804952,12,1941.035357
0.738992,12,1942.480564
0.670265,12,1943.899043
0.763803,12,1945.366145
0.500117,12,1946.845439
0.67035,12,1948.355276
0.926252,12,1949.80161
0.840238,12,1951.275294
0.637227,12,1952.764949
0.715255,12,1954.137468
0.697161,12,1955.628325
0.803378,12,1957.055258
0.665934,12,1958.469874
0.698385,12,1959.83551
0.707286,12,1961.270551
0.743192,12,1962.767447
0.526109,12,1964.265733
1.004745,12,1965.634221
0.647526,12,1967.094409
0.793826,12,1968.510288
0.653187,12,1969.857114
0.687561,12,1971.271307
0.785399,12,1972.68433
0.780518,12,1974.074584
0.62106,12,1975.491683
0.707207,12,1977.263499
0.726219,12,1978.696202
0.753652,12,1980.140577
0.66749,12,1981.528579
0.796634,12,1982.9371
0.782531,12,1984.443371
0.633891,12,1985.869095
0.501891,12,1987.263201
0.828793,12,1988.718012
0.694935,12,1990.090087
0.782915,12,1991.507426
0.83529,12,1992.819291
0.798439,12,1994.255828
0.708964,12,1995.767857
0.713263,12,1997.193188
0.698985,12,1998.609236
0.862093,12,2000.028172
0.877057,12,2001.399398
0.696095,12,2002.949677
0.750612,12,2004.357721
0.528435,12,2005.805901
0.702708,12,2007.206707
0.861833,12,2008.607749
0.61786,12,2009.998067
0.874812,12,2011.413178
0.785105,12,2012.814236
0.701373,12,2014.24892
0.551115,12,2015.667822
0.630317,12,2017.138565
0.571637,12,2018.479585
0.886872,12,2019.867011
0.942468,12,2021.217991
0.791923,12,2022.596685
0.705145,12,2024.026491
0.850269,12,2025.482081
0.84197,12,2026.895473
0.6551,12,2028.383346
0.511671,12,2029.806261
0.942786,12,2031.19545
0.696903,12,2032.577281
0.719067,12,2033.992004
0.780518,12,2035.33993
0.823797,12,2037.158333
0.867587,12,2038.539208
0.803346,12,2039.935013
0.791077,12,2041.397678
0.924917,12,2042.759922
0.885285,12,2044.219571
0.673525,12,2045.645662
0.919476,12,2047.009673
0.636053,12,2048.448711
0.737589,12,2049.858487
0.469977,12,2051.306074
0.563305,12,2052.7134
0.785952,12,2054.089108
0.671713,12,2055.489741
0.517445,12,2056.846957
0.596858,12,2058.242587
0.654552,12,2059.677416
0.761758,12,2061.018834
0.755257,12,2062.395155
0.92633,12,2063.78585
0.849493,12,2065.149174
0.84285,12,2066.55212
0.626756,12,2067.951363
0.978636,12,2069.385432
0.778351,12,2070.846668
0.826078,12,2072.349036
0.529022,12,2073.818341
0.674877,12,2075.247095
0.928932,12,2076.711848
0.607333,12,2078.109303
0.770282,12,2079.551152
0.719286,12,2080.92845
0.879293,12,2082.356142
0.635741,12,2083.716127
0.950249,12,2085.14461
0.588818,12,2086.618637
0.91773,12,2087.98911
0.888408,12,2089.359229
0.802559,12,2090.797729
0.938149,12,2092.18626
0.643138,12,2093.541016
0.689677,12,2094.974279
0.805495,12,2096.378107
0.605442,12,2098.161286
0.719402,12,2099.622934
0.938952,12,2101.105071
0.925712,12,2102.583339
0.630736,12,2104.015744
0.707913,12,2105.460845
0.62508,12,2106.837239
0.739701,12,2108.296384
0.98033,12,2109.684858
0.755739,12,2111.151782
0.648995,12,2112.592333
0.961921,12,2113.935384
0.847636,12,2115.321821
0.819196,12,2116.778304
0.777699,12,2118.127923
0.925739,12,2119.526558
0.588109,12,2120.975115
0.668954,12,2122.462306
0.754716,12,2123.921534
0.753623,12,2125.352329
0.748998,12,2126.834355
0.658616,12,2128.267658
0.697284,12,2129.692336
0.575032,12,2131.075839
0.737015,12,2132.407228
0.753425,12,2133.863161
0.44849,12,2135.29524
0.471431,12,2136.775381
0.602128,12,2138.296156
0.885673,12,2139.624673
0.656179,12,2141.073097
0.725729,12,2142.561089
0.753199,12,2143.970947
0.611501,12,2145.427622
0.793322,12,2146.903256
0.638967,12,2148.333575
0.998398,12,2149.735104
0.774551,12,2151.072362
0.710186,12,2152.503752
0.818508,12,2153.975099
0.599505,12,2155.420048
0.835844,12,2156.860138
0.891085,12,2158.271016
0.798806,12,2160.036585
0.455447,12,2161.53743
0.831288,12,2162.963903
0.621046,12,2164.323849
0.851277,12,2165.712304
0.863846,12,2167.113559
0.782759,12,2168.51967
0.649147,12,2169.931553
0.900814,12,2171.341124
0.61372,12,2172.818744
0.616778,12,2174.155685
0.67598,12,2175.616609
0.791674,12,2176.974404
0.731681,12,2178.301274
0.984668,12,2179.625168
0.761212,12,2181.079941
0.672821,12,2182.460162
0.733099,12,2183.776946
0.96268,12,2185.181314
0.832968,12,2186.621353
0.83821,12,2188.047383
0.74612,12,2189.400464
0.748897,12,2190.856289
0.665667,12,2192.25857
0.633173,12,2193.604929
0.874686,12,2195.016062
0.781502,12,2196.396417
0.828186,12,2197.762082
0.874425,12,2199.090838
0.68163,12,2200.524417
0.493431,12,2201.949556
0.847749,12,2203.35264
0.797457,12,2204.740979
0.791341,12,2206.141503
0.644026,12,2207.533186
0.90448,12,2208.89855
0.758042,12,2210.387872
0.755316,12,2211.793504
0.844544,12,2213.229031
0.79679,12,2214.623443
0.875604,12,2216.047248
0.74581,12,2217.427402
0.742603,12,2219.170624
0.871509,12,2220.52394
0.883053,12,2221.908938
0.653214,12,2223.306595
0.758308,12,2224.655926
0.820465,12,2226.096266
0.594189,12,2227.451205
0.799358,12,2228.78667
0.93753,12,2230.110346
0.779629,12,2231.521556
0.755885,12,2232.865019
0.724018,12,2234.188576
0.913997,12,2235.565759
0.857994,12,2236.983954
0.646656,12,2238.41996
0.875318,12,2239.815388
0.781403,12,2241.175942
0.790281,12,2242.513826
0.743968,12,2243.892778
0.626459,12,2245.313419
0.867563,12,2246.713838
0.787904,12,2248.166955
0.869024,12,2249.561266
0.800009,12,2250.942959
0.756333,12,2252.303275
0.764923,12,2253.68674
0.910022,12,2255.019592
0.920274,12,2256.366812
0.729998,12,2257.706894
0.745143,12,2259.135423
0.798913,12,2260.616744
0.646761,12,2261.983012
0.717535,12,2263.3969
0.7019,12,2264.857576
0.855203,12,2266.258385
0.896622,12,2267.602535
0.923634,12,2268.95996
0.761582,12,2270.338649
0.7946,12,2271.742684
0.92762,12,2273.168561
0.971527,12,2274.523194
0.452966,12,2275.907634
0.637983,12,2277.250385
0.729655,12,2279.046138
0.799003,12,2280.457166
0.884545,12,2281.837373
0.756828,12,2283.288666
0.636574,12,2284.748598
0.830725,12,2286.111398
0.764943,12,2287.499688
0.829549,12,2288.826182
0.723606,12,2290.263637
0.773639,12,2291.680084
0.939862,12,2293.116909
0.676519,12,2294.44514
0.754989,12,2295.859329
0.770808,12,2297.162084
0.895744,12,2298.447804
0.887542,12,2299.804266
0.930063,12,2301.177551
0.661039,12,2302.59599
0.529561,12,2303.914209
0.984686,12,2305.269997
0.732945,12,2306.652068
0.930233,12,2308.108381
0.578352,12,2309.538741
0.867448,12,2310.920215
0.811951,12,2312.331816
0.667807,12,2313.817564
0.764395,12,2315.35615
0.511822,12,2316.785764
0.879866,12,2318.154029
0.821224,12,2319.482279
0.690383,12,2320.898123
0.599172,12,2322.32069
0.605609,12,2323.73331
1.007403,12,2325.068647
0.798647,12,2326.486063
0.907859,12,2327.921785
0.652419,12,2329.39401
0.922859,12,2330.717178
0.872776,12,2332.080666
0.617347,12,2333.568815
0.733598,12,2335.024597
0.939556,12,2336.363755
0.68198,12,2337.79662
0.771056,12,2339.569868
0.770521,12,2340.93028
0.71894,12,2342.293394
0.742652,12,2343.638716
0.769437,12,2345.079938
0.803383,12,2346.421001
0.787756,12,2347.765689
0.759681,12,2349.131304
0.821959,12,2350.562511
0.781904,12,2351.922465
0.755088,12,2353.366626
0.633151,12,2354.768263
0.878041,12,2356.115925
0.844375,12,2357.530291
0.951338,12,2358.893857
0.797934,12,2360.285884
0.876053,12,2361.591764
0.617186,12,2363.028049
0.807162,12,2364.462434
0.716424,12,2365.851608
0.843941,12,2367.207373
0.755597,12,2368.608024
0.867997,12,2369.957346
1.001894,12,2371.333747
0.524954,12,2372.730873
0.858486,12,2374.108986
0.804052,12,2375.451352
1.021304,12,2376.887988
0.496893,12,2378.277978
0.966735,12,2379.570246
0.510654,12,2381.021737
0.684948,12,2382.481233
1.021841,12,2383.864063
0.851735,12,2385.183695
0.801817,12,2386.645671
0.643964,12,2387.978812
0.814307,12,2389.373884
0.747186,12,2390.770514
0.707062,12,2392.117359
0.778975,12,2393.445648
0.881834,12,2394.866186
0.631181,12,2396.191878
0.573796,12,2397.988657
0.825384,12,2399.457086
0.839844,12,2400.811124
0.739038,12,2402.186693
0.951602,12,2403.502568
0.890412,12,2404.86133
0.710546,12,2406.240773
0.573146,12,2407.712033
0.643471,12,2409.058121
0.859128,12,2410.4124
0.881874,12,2411.736524
0.860755,12,2413.081804
0.80571,12,2414.425757
0.919619,12,2415.780356
0.585802,12,2417.258536
0.712346,12,2418.657592
0.675224,12,2420.019559
0.721145,12,2421.423786
0.667426,12,2422.772861
0.772865,12,2424.120656
0.691506,12,2425.490808
0.90037,12,2426.921202
0.796755,12,2428.301981
0.78935,12,2429.643987
0.860006,12,2431.027437
0.806289,12,2432.505414
0.782135,12,2433.831307
0.919646,12,2435.158472
0.685875,12,2436.587656
0.797078,12,2438.017236
0.763136,12,2439.419405
0.883014,12,2440.772108
0.798375,12,2442.158344
0.8963,12,2443.585423
0.8759,12,2444.986908
0.95499,12,2446.449465
0.947085,12,2447.759303
0.725707,12,2449.153147
0.782279,12,2450.503017
0.603144,12,2451.971152
0.708976,12,2453.358017
0.917243,12,2454.688807
0.976686,12,2456.062238
1.018292,12,2457.826062
0.892868,12,2459.196882
0.706854,12,2460.539681
0.972395,12,2461.886765
0.850952,12,2463.211954
0.999022,12,2464.562966
0.810067,12,2465.945306
0.759087,12,2467.28464
0.796533,12,2468.669377
0.849916,12,2470.10954
0.81882,12,2471.426831
0.830205,12,2472.857333
1.004451,12,2474.235241
1.02813,12,2475.601865
0.819414,12,2476.939235
0.927,12,2478.306461
0.740616,12,2479.693742
0.941131,12,2481.063976
0.816162,12,2482.45429
1.009914,12,2483.867731
0.784961,12,2485.269082
0.839997,12,2486.615192
0.802056,12,2487.957809
0.56249,12,2489.339309
0.659627,12,2490.731333
0.755115,12,2492.139511
0.682322,12,2493.56802
0.739171,12,2494.960062
0.741855,12,2496.368663
1.084038,12,2497.760072
0.686535,12,2499.259072
0.689886,12,2500.692908
0.858389,12,2502.05744
1.11209,12,2503.399709
0.918817,12,2504.850478
0.812647,12,2506.241695
0.758901,12,2507.595542
0.841011,12,2508.97852
0.698857,12,2510.326948
0.767668,12,2511.69108
0.730305,12,2513.041993
0.84071,12,2514.359232
0.814333,12,2515.69843
0.929943,12,2517.436107
0.794858,12,2518.789225
0.753779,12,2520.182102
0.958778,12,2521.589074
0.721502,12,2522.964763
0.636441,12,2524.343724
0.943131,12,2525.717086
0.859512,12,2526.997839
0.807246,12,2528.314307
0.657296,12,2529.717954
0.828949,12,2531.164348
0.861085,12,2532.523467
0.780656,12,2533.826251
0.757021,12,2535.172676
0.742409,12,2536.537619
0.622545,12,2537.911221
1.049376,12,2539.270383
0.796504,12,2540.714631
0.647583,12,2542.093598
0.949265,12,2543.499941
0.773246,12,2544.91389
0.883442,12,2546.249587
0.672396,12,2547.777605
0.874941,12,2549.106103
0.661646,12,2550.460984
0.805356,12,2551.848176
1.018635,12,2553.21692
0.863525,12,2554.536204
0.691246,12,2555.886881
0.466571,12,2557.374718
0.754771,12,2558.821313
0.907576,12,2560.153548
0.866205,12,2561.533735
0.759326,12,2562.882316
0.716739,12,2564.259475
0.75123,12,2565.701475
0.744679,12,2567.075241
0.689323,12,2568.462333
0.855898,12,2569.813195
0.837286,12,2571.189377
0.885631,12,2572.638694
0.935515,12,2573.953349
