#{"t_start": 1788068843.1782038, "env_id": "None"}
r,l,t
-0.036451,12,2.954211
0.301478,12,4.730767
0.174313,12,6.617752
0.033239,12,8.439059
0.058669,12,10.179046
-0.142211,12,12.099852
0.250262,12,13.876503
0.117075,12,15.642205
0.376543,12,17.261642
0.23473,12,18.92862
0.27804,12,20.62172
0.237783,12,22.473037
0.281637,12,24.177991
0.356079,12,25.86293
-0.095451,12,27.721484
0.464643,12,29.303796
0.305557,12,31.030723
0.264291,12,32.792545
0.330004,12,34.497824
0.361037,12,36.268971
0.324149,12,37.990283
-0.020028,12,39.826135
0.225856,12,41.537708
-0.02299,12,43.377949
0.202096,12,45.143294
0.411087,12,46.943244
0.214614,12,48.702903
0.048585,12,50.541178
0.372136,12,52.259617
0.409907,12,54.017718
0.418247,12,55.73028
-0.111289,12,57.481268
0.117392,12,59.277052
0.301964,12,61.087951
0.280336,12,62.745572
-0.092228,12,64.543208
0.044549,12,66.437417
0.211898,12,68.19139
0.333817,12,69.861102
0.081369,12,71.826347
0.23607,12,73.560981
0.32534,12,75.400428
0.008301,12,77.775978
0.000923,12,79.617263
0.45907,12,81.366996
0.340588,12,83.05116
0.346137,12,84.782434
0.314986,12,86.550089
0.314556,12,88.271313
0.181334,12,90.017001
0.028536,12,92.025777
0.2318,12,93.739474
0.266196,12,95.617897
0.100323,12,97.558808
0.295073,12,99.253274
0.327791,12,101.01697
0.210086,12,102.956021
0.025794,12,104.748737
0.132528,12,106.606402
0.190812,12,108.458284
0.375,12,110.30789
0.087894,12,112.210058
0.256056,12,114.076568
0.284384,12,115.738396
0.515616,12,117.434504
0.158446,12,119.122603
0.287948,12,120.750001
0.091738,12,122.478059
0.312567,12,124.129555
0.249423,12,125.975965
0.400019,12,127.703506
0.196179,12,129.484992
0.220243,12,131.064719
0.543269,12,132.684613
0.169786,12,134.391607
0.233719,12,136.140317
0.154327,12,137.805787
0.276036,12,139.563876
0.290873,12,141.269032
0.128585,12,142.999594
0.478981,12,144.826137
0.207217,12,146.609084
0.124155,12,148.405081
0.2763,12,150.15502
0.16291,12,151.867314
-0.145593,12,154.093581
0.226166,12,155.830693
0.09383,12,157.604816
0.595373,12,159.308801
0.364941,12,161.04664
0.186994,12,162.721516
0.388308,12,164.546643
0.390794,12,166.286115
0.295993,12,168.007074
0.183191,12,169.78262
0.109498,12,171.449486
0.235756,12,173.192921
0.261746,12,174.931216
0.378121,12,176.58886
0.406099,12,178.247311
0.428241,12,179.99449
0.176126,12,181.750167
0.368904,12,183.379993
0.465035,12,184.977177
0.330777,12,186.715411
0.377836,12,188.490205
0.130329,12,190.150777
0.047096,12,191.898709
0.154456,12,193.78948
0.233368,12,195.616439
0.377309,12,197.232868
0.203536,12,198.816163
0.042893,12,200.571338
0.446671,12,202.301948
0.372244,12,204.028409
0.228735,12,205.63147
0.068024,12,207.450456
0.290266,12,209.292188
0.335629,12,211.161079
0.313078,12,212.921951
0.034177,12,214.640293
0.118745,12,216.449198
0.446209,12,218.200088
0.145882,12,219.931452
0.118088,12,221.67531
0.201693,12,223.52779
0.038712,12,225.364523
0.199284,12,227.171188
0.127695,12,229.276321
0.349602,12,230.998334
0.575746,12,232.542175
0.378899,12,234.295971
0.251717,12,235.983772
0.434027,12,237.775905
0.217827,12,239.553759
0.219299,12,241.256631
0.085588,12,243.073852
0.331244,12,244.827137
0.497942,12,246.524057
0.424253,12,248.117549
0.336901,12,249.78723
0.50099,12,251.366
-0.038992,12,253.177937
0.322752,12,254.837523
0.362056,12,256.447081
0.371364,12,258.21331
0.25069,12,259.969175
0.310086,12,261.660753
0.18978,12,263.464681
0.220006,12,265.20282
0.321181,12,266.778986
0.344755,12,268.465032
0.300795,12,270.170309
0.530691,12,271.833557
0.179998,12,273.650021
0.224415,12,275.349286
0.461858,12,277.113504
0.34624,12,278.779071
0.314366,12,280.491439
0.112153,12,282.192212
0.264253,12,283.857781
0.393875,12,285.507733
0.293249,12,287.235882
0.164286,12,289.128028
0.510507,12,290.779151
0.348374,12,292.493095
0.391218,12,294.267119
0.332644,12,295.956844
0.336776,12,297.606857
0.453866,12,299.421844
0.293196,12,301.458492
-0.080298,12,303.281819
0.434289,12,304.983714
0.359255,12,306.53469
0.356115,12,308.230726
0.348801,12,309.916897
0.397288,12,311.597231
0.440597,12,313.220859
0.4689,12,314.961123
0.171114,12,316.758158
0.424945,12,318.326787
0.340208,12,320.048157
0.463379,12,321.721261
0.473158,12,323.419497
0.391056,12,325.042723
0.245801,12,326.633257
0.327366,12,328.247299
0.160396,12,330.044555
0.155854,12,331.842069
0.370476,12,333.520024
0.013181,12,335.260509
0.2873,12,336.955161
0.153704,12,338.659838
0.555581,12,340.5012
0.556276,12,342.323525
-0.032764,12,344.16412
0.647579,12,345.839705
0.37893,12,347.484523
0.128911,12,349.192332
0.268523,12,350.947506
0.01721,12,352.695155
0.109528,12,354.383685
0.36172,12,356.070952
0.382933,12,357.706491
0.189845,12,359.389323
0.357278,12,361.09517
0.291948,12,362.72096
0.278788,12,364.374547
0.58272,12,366.028307
0.255699,12,367.651572
0.356998,12,369.326381
0.239484,12,371.107888
0.357523,12,372.723677
0.526098,12,374.781925
0.275845,12,376.582533
0.210832,12,378.26813
0.157804,12,379.955808
0.30297,12,381.595404
0.357189,12,383.272459
0.183857,12,385.001496
0.44976,12,386.723532
0.409668,12,388.344285
0.47501,12,389.922316
0.350563,12,391.573242
0.421683,12,393.266364
0.592403,12,394.827301
0.302258,12,396.54196
0.266749,12,398.247849
0.24567,12,399.94589
0.414126,12,401.637015
0.243639,12,403.411878
0.39301,12,405.099348
0.528969,12,406.793228
0.402215,12,408.481183
0.486657,12,410.145627
0.47326,12,411.753647
0.118684,12,413.553237
0.500187,12,415.226785
0.369703,12,416.839124
0.06142,12,418.699014
0.295154,12,420.383573
0.245946,12,422.045777
0.169619,12,423.895606
0.467555,12,425.603099
0.315634,12,427.312027
0.287299,12,429.145441
0.30316,12,430.818879
0.367454,12,432.467099
0.467976,12,434.191866
0.299768,12,435.806728
0.298788,12,437.438403
0.516948,12,439.127948
0.550721,12,440.773958
0.299243,12,442.406834
0.206256,12,444.223916
0.209566,12,445.955901
0.332117,12,448.032797
0.400612,12,449.766562
0.464228,12,451.327758
0.029547,12,453.179667
0.750452,12,454.743542
0.327733,12,456.352697
0.4154,12,458.165239
0.477018,12,459.828135
0.407034,12,461.408284
0.513441,12,462.981245
0.007675,12,464.767464
0.290959,12,466.490217
0.308969,12,468.186428
0.591239,12,469.783216
0.444164,12,471.373279
0.381892,12,472.984867
0.456206,12,474.588276
0.430846,12,476.167773
0.425726,12,477.766417
0.565495,12,479.300805
0.217421,12,480.914285
0.235503,12,482.632971
0.451427,12,484.314102
0.395067,12,486.022402
0.36832,12,487.600244
0.162423,12,489.291439
0.292309,12,491.02991
0.450134,12,492.640104
0.569345,12,494.237082
0.252371,12,496.018362
0.536459,12,497.659348
0.576756,12,499.221567
0.119192,12,500.934893
0.297767,12,502.781072
0.317777,12,504.379029
0.230046,12,506.15638
0.375905,12,507.757405
0.485169,12,509.301953
0.35729,12,511.025561
0.51931,12,512.581793
0.558292,12,514.217153
0.481579,12,515.733272
0.101458,12,517.850598
0.390759,12,519.40611
-0.087081,12,521.229152
0.56704,12,522.805095
0.601932,12,524.418174
0.397932,12,526.115046
0.520841,12,527.663145
0.66915,12,529.308795
0.534522,12,530.895421
0.462609,12,532.587458
0.417149,12,534.231346
0.585626,12,535.875112
0.485054,12,537.471981
0.552412,12,539.085294
0.659694,12,540.611793
0.40247,12,542.37768
0.435129,12,544.077404
0.601756,12,545.697263
0.634497,12,547.444576
0.622929,12,549.126771
0.345743,12,550.664376
0.630177,12,552.363306
0.545947,12,553.941077
0.576284,12,555.517461
0.443838,12,557.104559
0.486772,12,558.700062
0.288493,12,560.308504
0.427804,12,561.971396
0.512089,12,563.653461
0.63221,12,565.239532
0.47175,12,566.807619
0.56041,12,568.599082
0.111607,12,570.313708
0.28475,12,572.008819
0.375707,12,573.726019
0.583623,12,575.352189
0.642137,12,576.907617
0.415985,12,578.630385
0.519779,12,580.265959
0.464638,12,581.848858
0.62332,12,583.370534
0.031878,12,585.082119
0.290095,12,586.747115
0.43819,12,588.886743
0.405502,12,590.472118
0.45158,12,592.146791
0.402517,12,593.748065
0.489309,12,595.212868
0.544766,12,596.741879
0.336361,12,598.353973
0.341671,12,600.049115
0.445723,12,601.721481
0.537857,12,603.322608
0.613118,12,604.912327
0.676698,12,606.424727
0.453448,12,608.043309
0.370457,12,609.729173
0.350092,12,611.391318
0.401103,12,612.946805
0.409313,12,614.611527
0.249503,12,616.268842
0.675646,12,617.856601
0.398979,12,619.479919
0.542387,12,621.101811
0.572928,12,622.680419
0.508288,12,624.269194
0.494778,12,625.856285
0.576923,12,627.463022
0.403957,12,629.145473
0.452275,12,630.838341
0.646465,12,632.463724
0.381521,12,634.058914
0.335814,12,635.718606
0.493986,12,637.425106
0.54074,12,639.054549
0.455143,12,640.764759
0.441773,12,642.338667
0.563525,12,643.902422
0.61944,12,645.525146
0.475641,12,647.112104
0.497167,12,648.790726
0.666984,12,650.329384
0.651747,12,651.873969
0.627729,12,653.45218
0.569627,12,655.013263
0.336274,12,656.857507
0.391741,12,658.743993
0.624515,12,660.299852
0.456609,12,662.029344
0.288843,12,663.639301
0.398138,12,665.287376
0.424022,12,667.001036
0.59574,12,668.550325
0.602251,12,670.067516
0.547599,12,671.778589
0.531155,12,673.349287
0.405047,12,675.005398
0.408691,12,676.644845
0.457065,12,678.268376
0.657552,12,679.875629
0.722995,12,681.376213
0.461824,12,683.039947
0.502969,12,684.527334
0.572423,12,686.117571
0.648803,12,687.771438
0.66869,12,689.316912
0.477361,12,691.02644
0.794731,12,692.698431
0.517861,12,694.270427
0.575691,12,695.732201
0.476519,12,697.382783
0.396961,12,698.942776
0.530988,12,700.549331
0.529057,12,702.182566
0.290398,12,703.738477
0.412746,12,705.368652
0.643127,12,706.910191
0.445057,12,708.626531
0.558208,12,710.211902
0.499082,12,711.898108
0.710096,12,713.573838
0.578939,12,715.112069
0.433646,12,716.805125
0.410479,12,718.46569
0.573485,12,719.97732
0.687411,12,721.471862
0.513849,12,723.161366
0.34669,12,724.725947
0.501227,12,726.707707
0.317904,12,728.448131
0.494362,12,729.986526
0.513294,12,731.540406
0.756118,12,733.049456
0.474324,12,734.627035
0.624635,12,736.190159
0.721569,12,737.741774
0.413671,12,739.475676
0.595975,12,740.998893
0.69746,12,742.626178
0.459073,12,744.294429
0.635097,12,745.851704
0.461361,12,747.406665
0.50361,12,749.012474
0.47077,12,750.59964
0.397044,12,752.339209
0.614757,12,754.037127
0.873442,12,755.613407
0.437269,12,757.199853
0.46092,12,758.775533
0.617639,12,760.320194
0.744857,12,761.822448
0.415901,12,763.402806
0.599621,12,764.992118
0.364606,12,766.550214
0.39033,12,768.159437
0.502269,12,769.729558
0.463878,12,771.42098
0.677689,12,772.976195
0.576219,12,774.622552
0.545719,12,776.181696
0.204782,12,777.800848
0.549169,12,779.378364
0.624926,12,780.931064
0.486352,12,782.477007
0.557569,12,784.145559
0.570201,12,785.772655
0.715282,12,787.269602
0.744649,12,788.869504
0.464366,12,790.599335
0.527974,12,792.108223
0.435122,12,793.792822
0.49276,12,795.880067
0.723734,12,797.465048
0.558255,12,799.014253
0.479239,12,800.613598
0.590638,12,802.162674
0.504438,12,803.711443
0.604342,12,805.327891
0.442615,12,806.986162
0.720914,12,808.528417
0.690215,12,810.057508
0.733652,12,811.771031
0.677871,12,813.374453
0.353996,12,814.938022
0.71076,12,816.564259
0.476518,12,818.25103
0.690207,12,819.891906
0.690329,12,821.436069
0.629142,12,822.917179
0.784982,12,824.406249
0.55261,12,825.904703
0.816646,12,827.399267
0.323669,12,829.030001
0.114385,12,830.74229
0.672149,12,832.454107
0.782144,12,833.931203
0.418675,12,835.477795
0.563215,12,837.160781
0.471308,12,838.843743
0.420397,12,840.426317
0.632779,12,842.058896
0.358999,12,843.647269
0.610055,12,845.182743
0.030859,12,846.882321
0.308415,12,848.497566
0.663724,12,850.130681
0.664649,12,851.690824
0.713249,12,853.303414
0.482373,12,854.876713
0.471787,12,856.477119
0.912362,12,857.98738
0.584469,12,859.509312
0.673441,12,861.13183
0.452657,12,862.861238
0.711733,12,864.728088
0.698017,12,866.25284
0.571111,12,867.783559
0.548458,12,869.317356
0.523664,12,870.88972
0.552534,12,872.539478
0.586746,12,874.008277
0.694108,12,875.567282
0.461937,12,877.107108
0.577552,12,878.714996
0.559828,12,880.22034
0.670753,12,881.645192
0.765265,12,883.085484
0.689297,12,884.568468
0.644859,12,886.068496
0.58482,12,887.547665
0.747642,12,889.102747
0.729007,12,890.617675
0.890464,12,892.062179
0.692638,12,893.566854
0.656971,12,895.185904
0.889409,12,896.705747
0.628678,12,898.252632
0.637018,12,899.825018
0.775137,12,901.29749
0.506472,12,902.918745
0.609702,12,904.443696
0.761391,12,905.991403
0.658739,12,907.547932
0.52196,12,909.016789
0.536383,12,910.606777
0.592635,12,912.185634
0.501537,12,913.732335
0.425753,12,915.372197
0.433631,12,916.894068
0.539046,12,918.428365
0.69809,12,919.961209
0.528421,12,921.508073
0.662314,12,923.102904
0.452439,12,924.608301
0.591584,12,926.206437
0.806572,12,927.628878
0.638084,12,929.47154
0.506883,12,930.98088
0.545538,12,932.43469
0.565042,12,933.859557
0.701944,12,935.45105
0.6087,12,936.968337
0.690617,12,938.518975
0.859379,12,940.039124
0.559038,12,941.554029
0.717568,12,943.132262
0.552879,12,944.597304
0.732174,12,946.127057
0.829222,12,947.586199
0.633766,12,949.078787
0.556729,12,950.717899
0.712211,12,952.214986
0.633478,12,953.85347
0.593733,12,955.502378
0.720306,12,957.021409
0.649411,12,958.599405
0.770191,12,960.095506
0.768682,12,961.618147
0.60841,12,963.182762
0.406852,12,964.798545
0.749811,12,966.353558
0.569656,12,967.925669
0.606257,12,969.458481
0.719782,12,970.995123
0.821002,12,972.459951
0.467762,12,973.96628
0.663522,12,975.554137
0.640772,12,977.149545
0.739676,12,978.668185
0.533932,12,980.230656
0.678529,12,981.762999
0.430169,12,983.345107
0.384656,12,984.890851
0.586243,12,986.394913
0.865735,12,987.82467
0.763043,12,989.264707
0.621875,12,990.830437
0.667011,12,992.339915
0.655273,12,993.871846
0.469079,12,995.778511
0.784109,12,997.299188
0.610772,12,998.772205
0.552301,12,1000.334415
0.545977,12,1001.861944
0.549671,12,1003.423046
0.841029,12,1004.880823
0.7005,12,1006.36437
0.703828,12,1007.935145
0.638587,12,1009.434864
0.557921,12,1010.993991
0.703823,12,1012.623491
0.643858,12,1014.182517
0.661242,12,1015.76833
0.620928,12,1017.210702
0.640464,12,1018.81615
0.58949,12,1020.300528
0.772171,12,1021.716013
0.593473,12,1023.328227
0.549619,12,1024.758929
0.748314,12,1026.248094
0.459314,12,1027.85361
0.82705,12,1029.27093
0.629518,12,1030.741172
0.632512,12,1032.353516
0.69588,12,1033.864191
0.538641,12,1035.379744
0.688107,12,1036.836763
0.455277,12,1038.507869
0.748788,12,1040.00591
0.726689,12,1041.514672
0.576103,12,1043.077771
0.634787,12,1044.624038
0.783734,12,1046.139495
0.757628,12,1047.625819
0.553162,12,1049.194881
0.634331,12,1050.739155
0.546862,12,1052.223074
0.544876,12,1053.722461
0.756459,12,1055.200413
0.619812,12,1056.777049
0.848975,12,1058.222735
0.707634,12,1059.803052
0.606775,12,1061.627369
0.438654,12,1063.182062
0.589642,12,1064.754337
0.757389,12,1066.242623
0.653256,12,1067.732241
0.764945,12,1069.191391
0.69976,12,1070.731291
0.716557,12,1072.226933
0.66838,12,1073.626822
0.614252,12,1075.120511
0.682051,12,1076.664394
0.828518,12,1078.173075
0.737661,12,1079.665292
0.824492,12,1081.102151
0.58184,12,1082.650533
0.729928,12,1084.125728
0.583777,12,1085.706275
0.834434,12,1087.15801
0.717193,12,1088.638679
0.800204,12,1090.201344
0.824559,12,1091.631481
0.828367,12,1093.072447
0.576195,12,1094.604233
0.685141,12,1096.268281
0.710319,12,1097.715215
0.708076,12,1099.194074
0.613197,12,1100.810821
0.862944,12,1102.221572
0.730893,12,1103.728831
0.853631,12,1105.233962
0.924993,12,1106.74362
0.604548,12,1108.210152
0.612797,12,1109.730302
0.546878,12,1111.37993
0.767556,12,1112.895518
0.801404,12,1114.325684
0.80421,12,1115.95344
0.592165,12,1117.500022
0.797477,12,1118.934377
0.442614,12,1120.39876
0.618611,12,1121.993969
0.723285,12,1123.595798
0.591721,12,1125.481159
0.832854,12,1127.001989
0.692016,12,1128.475543
0.691173,12,1130.009156
0.713957,12,1131.487515
0.810365,12,1133.007764
0.88312,12,1134.412024
0.70042,12,1135.864678
0.592727,12,1137.468453
0.484105,12,1138.901617
0.713912,12,1140.480231
0.719141,12,1141.881643
0.798658,12,1143.35524
0.732457,12,1144.701061
0.605633,12,1146.298923
0.798907,12,1147.800398
0.674853,12,1149.384965
0.678246,12,1150.918969
0.789694,12,1152.317496
0.852008,12,1153.813449
0.819848,12,1155.350891
0.646434,12,1156.880765
0.689916,12,1158.43632
0.70308,12,1159.960048
0.506709,12,1161.429752
0.735326,12,1162.942578
0.662156,12,1164.362831
0.672037,12,1165.896126
0.690921,12,1167.364032
0.742469,12,1169.000766
0.670005,12,1170.419608
0.757742,12,1172.008697
0.713194,12,1173.647146
0.783575,12,1175.170075
0.621191,12,1176.598813
0.65273,12,1178.0732
0.76562,12,1179.547316
0.862252,12,1180.996897
0.828273,12,1182.533684
0.777059,12,1183.944001
0.62015,12,1185.427745
0.797878,12,1186.884445
0.759177,12,1188.326612
0.715473,12,1190.129637
0.853631,12,1191.646811
0.604857,12,1193.139598
0.74945,12,1194.580987
0.763477,12,1196.121429
0.73339,12,1197.566203
0.908781,12,1198.972996
0.57584,12,1200.512975
0.854988,12,1201.970473
0.666756,12,1203.449335
0.725546,12,1204.907532
0.664643,12,1206.463499
0.735627,12,1207.829148
0.746886,12,1209.433242
0.665192,12,1210.89046
0.808652,12,1212.275187
0.793879,12,1213.760432
0.752715,12,1215.283009
0.792939,12,1216.79555
0.820108,12,1218.319628
0.791362,12,1219.796135
0.688846,12,1221.290525
0.696593,12,1222.848509
0.710128,12,1224.348421
0.569764,12,1225.968272
0.71973,12,1227.321033
0.72982,12,1228.889159
0.693172,12,1230.470934
0.835258,12,1231.937246
0.696554,12,1233.430431
0.556735,12,1235.041747
0.792589,12,1236.562979
0.799314,12,1238.101457
0.647529,12,1239.64446
0.703533,12,1241.101664
0.579957,12,1242.615719
0.756216,12,1244.109226
0.748839,12,1245.53356
0.819581,12,1247.043538
0.772487,12,1248.465465
0.675283,12,1249.920247
0.772339,12,1251.416009
0.760705,12,1252.894902
0.649393,12,1254.810614
0.870011,12,1256.333334
0.551961,12,1257.874646
0.635945,12,1259.449136
0.831175,12,1260.927532
0.745861,12,1262.349205
0.799753,12,1263.742148
0.755272,12,1265.197292
0.669017,12,1266.780703
0.566357,12,1268.262315
0.998445,12,1269.698905
0.716696,12,1271.166162
0.888988,12,1272.702399
0.717617,12,1274.223809
0.786681,12,1275.734479
0.90757,12,1277.181032
0.724643,12,1278.588325
0.69792,12,1280.090479
0.79872,12,1281.626716
0.774923,12,1283.084545
0.695496,12,1284.494103
0.515012,12,1286.027201
0.73499,12,1287.625363
0.836391,12,1289.086223
0.643078,12,1290.537897
0.660601,12,1292.17572
0.767812,12,1293.603945
0.777629,12,1295.148604
0.764981,12,1296.649359
0.680791,12,1298.198518
0.877142,12,1299.624639
0.828707,12,1301.118373
0.712404,12,1302.701902
0.88854,12,1304.156828
0.815918,12,1305.586391
0.65064,12,1307.03421
0.75244,12,1308.569797
0.899279,12,1309.984558
0.645612,12,1311.620998
0.759539,12,1313.092019
0.785486,12,1314.476623
0.654891,12,1315.925473
0.74595,12,1317.762405
0.764845,12,1319.339583
0.728828,12,1320.826782
0.66722,12,1322.407497
0.703483,12,1323.888234
0.893195,12,1325.300398
0.759937,12,1326.706696
0.886661,12,1328.153882
0.821065,12,1329.514544
0.835252,12,1330.900021
0.699373,12,1332.470812
0.775373,12,1333.979795
0.847029,12,1335.438642
0.652408,12,1336.993577
0.823658,12,1338.413845
0.808416,12,1339.882229
0.720975,12,1341.369474
0.611139,12,1342.842323
0.670173,12,1344.325106
0.578325,12,1345.814056
0.67916,12,1347.253348
0.797318,12,1348.699848
0.585886,12,1350.228446
0.644124,12,1351.805259
0.649355,12,1353.308183
0.468944,12,1354.952081
0.869816,12,1356.460455
0.640037,12,1357.981743
0.715311,12,1359.540242
0.786247,12,1360.970819
0.864679,12,1362.472165
0.70322,12,1363.902945
0.997205,12,1365.320979
0.726307,12,1366.780528
0.774463,12,1368.224532
0.693944,12,1369.846272
0.895864,12,1371.217869
0.780456,12,1372.687368
0.825536,12,1374.176463
0.68143,12,1375.680109
0.625537,12,1377.129762
0.778862,12,1378.714008
0.79451,12,1380.216854
0.862979,12,1382.025054
0.848998,12,1383.501307
0.704765,12,1384.943126
0.75419,12,1386.372795
0.729045,12,1387.802613
0.797958,12,1389.301176
0.673639,12,1390.681034
0.727624,12,1392.196938
0.747939,12,1393.752555
0.754561,12,1395.195571
1.00612,12,1396.629698
0.640276,12,1398.118685
0.877431,12,1399.578207
0.787865,12,1401.12399
0.586085,12,1402.607354
0.884284,12,1404.022971
0.882385,12,1405.436632
0.647865,12,1406.893861
0.87978,12,1408.338584
0.659027,12,1409.795642
0.923646,12,1411.211671
0.569501,12,1412.723426
0.801045,12,1414.132028
0.668295,12,1415.60029
0.665304,12,1417.145783
0.889577,12,1418.524111
0.672048,12,1420.130545
0.730131,12,1421.646116
1.030589,12,1423.140727
0.844804,12,1424.599555
0.746402,12,1426.042829
0.877173,12,1427.476107
0.777209,12,1428.905684
0.687805,12,1430.345039
0.751052,12,1431.819984
0.711991,12,1433.237976
0.907219,12,1434.70997
0.866721,12,1436.180602
0.988612,12,1437.698038
0.944437,12,1439.139434
0.742901,12,1440.549051
0.681145,12,1442.027633
0.84429,12,1443.507775
0.888652,12,1445.384047
0.81211,12,1446.836306
0.815357,12,1448.273017
0.769417,12,1449.814131
0.888133,12,1451.425876
0.742812,12,1452.962038
0.676403,12,1454.446892
0.834844,12,1455.907712
0.725713,12,1457.351535
0.885736,12,1458.794618
0.689162,12,1460.386712
0.613498,12,1461.945327
0.736376,12,1463.629278
0.887184,12,1465.041705
0.882093,12,1466.373628
0.905458,12,1467.763062
0.780969,12,1469.250117
0.806603,12,1470.654449
0.697901,12,1472.220424
0.954633,12,1473.657115
0.652182,12,1475.060683
0.666177,12,1476.551151
0.817529,12,1478.005718
0.775641,12,1479.499241
0.787962,12,1481.101921
0.835149,12,1482.531601
0.755362,12,1484.270262
0.797386,12,1485.808187
0.873529,12,1487.212718
0.916813,12,1488.716008
0.756208,12,1490.244975
0.769416,12,1491.663599
0.693534,12,1493.208645
0.911963,12,1494.775857
0.939942,12,1496.317254
0.875853,12,1497.688191
0.754716,12,1499.182916
0.79921,12,1500.683491
0.77543,12,1502.147834
0.753587,12,1503.558921
0.704639,12,1505.12726
0.813281,12,1506.483836
0.899149,12,1508.334254
0.817208,12,1509.874602
0.697863,12,1511.341372
0.682596,12,1512.79591
0.649917,12,1514.302653
0.757473,12,1515.69437
0.840584,12,1517.164326
0.787696,12,1518.655706
0.796093,12,1520.165462
0.829245,12,1521.642736
0.804625,12,1523.160535
0.702038,12,1524.667416
0.857402,12,1526.147844
0.876451,12,1527.68916
0.692882,12,1529.167308
0.678943,12,1530.70195
0.754663,12,1532.138407
0.814957,12,1533.568986
0.773022,12,1535.075747
0.672167,12,1536.55267
0.981757,12,1538.071866
0.944059,12,1539.584021
0.88,12,1541.17392
0.796047,12,1542.68873
0.789286,12,1544.134111
0.966317,12,1545.534866
0.784011,12,1546.960256
0.946788,12,1548.405809
0.87983,12,1549.836852
0.886754,12,1551.274355
0.861078,12,1552.65379
0.778861,12,1554.070433
0.941132,12,1555.41117
0.834118,12,1556.897091
0.704424,12,1558.383269
0.923612,12,1559.761695
0.835247,12,1561.134245
0.812332,12,1562.556654
0.943979,12,1563.983085
1.045722,12,1565.377326
0.812824,12,1566.852229
0.866261,12,1568.239733
0.728032,12,1569.691643
0.748751,12,1571.493126
0.920273,12,1572.883385
0.887258,12,1574.286389
0.655692,12,1575.702814
1.025109,12,1577.187634
0.637062,12,1578.695958
0.999401,12,1580.117672
0.774954,12,1581.568064
0.85716,12,1583.016932
0.765751,12,1584.395006
0.757008,12,1585.812246
0.846697,12,1587.224908
0.765602,12,1588.636563
0.809197,12,1590.097921
0.810581,12,1591.55588
0.888426,12,1593.124615
0.868591,12,1594.508094
1.0288,12,1595.850685
0.863139,12,1597.294283
0.699186,12,1598.761418
0.810119,12,1600.161154
0.854781,12,1601.622412
0.643683,12,1603.097693
0.939937,12,1604.591879
0.769329,12,1606.056749
0.808657,12,1607.447348
0.835436,12,1608.844627
0.648512,12,1610.279024
0.83461,12,1611.666723
0.851865,12,1613.271471
0.932728,12,1614.658689
0.918927,12,1616.105793
0.752968,12,1617.526891
0.788083,12,1618.966166
0.661161,12,1620.342431
0.854862,12,1621.724056
0.860865,12,1623.117258
0.895655,12,1624.602768
0.816739,12,1625.956969
0.697277,12,1627.362961
0.596815,12,1628.934477
0.956384,12,1630.320005
0.884957,12,1631.703618
0.821967,12,1633.477989
0.865864,12,1634.933163
1.003893,12,1636.319382
0.8323,12,1637.685339
0.992585,12,1639.150794
0.716072,12,1640.558398
0.677873,12,1641.967417
0.917937,12,1643.311388
0.868903,12,1644.757978
0.913459,12,1646.154739
0.867087,12,1647.534259
0.877867,12,1648.961011
0.916486,12,1650.358677
0.806522,12,1651.742031
0.669186,12,1653.302542
0.819512,12,1654.779418
0.726217,12,1656.275056
0.70417,12,1657.677891
0.799309,12,1659.103651
0.736668,12,1660.544622
0.97605,12,1661.92697
0.710804,12,1663.312192
0.930549,12,1664.63073
0.954101,12,1666.047647
0.73642,12,1667.485058
0.822518,12,1669.023901
0.587441,12,1670.539594
0.757562,12,1671.935283
0.804919,12,1673.307583
0.801511,12,1674.780899
0.626837,12,1676.326412
0.864325,12,1677.792249
0.755011,12,1679.214187
0.760556,12,1680.703055
0.916249,12,1682.109594
0.922644,12,1683.604131
0.787692,12,1685.073495
0.830286,12,1686.535405
0.870389,12,1687.920026
0.953565,12,1689.347696
0.876943,12,1690.758805
0.790232,12,1692.178791
0.99408,12,1694.012606
0.895699,12,1695.373835
0.739591,12,1696.745478
0.744163,12,1698.224618
0.869847,12,1699.676108
0.768443,12,1701.18578
0.865217,12,1702.603874
0.80634,12,1704.025665
0.57156,12,1705.463715
0.776389,12,1706.954736
0.81758,12,1708.347955
0.77425,12,1709.718465
0.847637,12,1711.107058
0.816933,12,1712.496819
0.910275,12,1713.846143
0.957617,12,1715.259231
0.753901,12,1716.706592
0.917991,12,1718.134779
0.784116,12,1719.659302
1.057906,12,1721.061713
0.912685,12,1722.531145
0.888298,12,1723.9214
0.875983,12,1725.270685
1.023911,12,1726.617917
0.632095,12,1728.062195
0.731223,12,1729.545906
0.907014,12,1731.030437
0.859818,12,1732.53196
0.920733,12,1733.971689
0.885285,12,1735.389582
0.88451,12,1736.838917
0.746831,12,1738.233273
0.777393,12,1739.662983
0.831787,12,1741.07694
0.816345,12,1742.493297
0.810815,12,1743.917773
0.655388,12,1745.317271
0.868131,12,1746.751081
0.719828,12,1748.282166
0.843382,12,1749.752874
0.818647,12,1751.096827
0.77604,12,1752.52834
0.799815,12,1754.016812
0.650026,12,1755.835625
0.858607,12,1757.276875
0.938376,12,1758.679387
0.879194,12,1760.107637
0.917301,12,1761.538905
0.884958,12,1762.983136
0.708174,12,1764.410285
0.803168,12,1765.898307
0.73117,12,1767.271013
0.883,12,1768.789442
0.840784,12,1770.202602
0.84883,12,1771.588039
1.011651,12,1773.022106
0.756905,12,1774.439004
0.589223,12,1775.929379
0.850705,12,1777.380077
0.89751,12,1778.838529
1.024219,12,1780.187849
0.819736,12,1781.552749
0.951907,12,1782.93105
0.917175,12,1784.383784
0.796249,12,1785.873623
1.099782,12,1787.236037
0.974467,12,1788.545516
0.730115,12,1789.903219
0.844416,12,1791.231275
0.955952,12,1792.598184
0.934568,12,1793.938662
0.791555,12,1795.431635
0.827058,12,1796.80869
0.944569,12,1798.197883
0.938618,12,1799.654833
0.763065,12,1801.162203
0.841345,12,1802.53745
0.916434,12,1803.914646
0.969461,12,1805.368435
0.908097,12,1806.765382
1.003505,12,1808.14612
0.808661,12,1809.607313
0.699066,12,1811.006775
0.785469,12,1812.482772
0.905113,12,1813.923528
0.912168,12,1815.539392
0.913362,12,1817.324739
1.030212,12,1818.697181
0.843541,12,1820.1558
0.921103,12,1821.658266
0.912201,12,1823.00579
0.848325,12,1824.402001
0.909681,12,1825.810947
0.829089,12,1827.246631
0.676555,12,1828.733445
0.82474,12,1830.099515
0.962477,12,1831.528221
1.010848,12,1832.882036
0.922468,12,1834.30165
0.694454,12,1835.801231
0.741404,12,1837.22193
0.847932,12,1838.608763
1.001646,12,1839.972041
0.887405,12,1841.402869
0.83193,12,1842.859818
0.717073,12,1844.320162
0.736201,12,1845.783681
0.86174,12,1847.135775
0.890317,12,1848.587754
0.680662,12,1849.926508
0.857899,12,1851.323771
0.906457,12,1852.68609
1.092933,12,1854.030615
0.791095,12,1855.450607
0.679476,12,1856.983536
0.855952,12,1858.375575
0.835358,12,1859.76371
0.505623,12,1861.226111
0.800174,12,1862.561984
0.881834,12,1863.975838
0.77958,12,1865.428894
0.839871,12,1866.911696
0.792878,12,1868.334204
0.789799,12,1869.800495
0.814231,12,1871.264375
0.834115,12,1872.625276
0.809393,12,1874.026739
0.840841,12,1875.483408
0.90759,12,1877.490042
0.932875,12,1878.964416
0.839767,12,1880.319098
0.692719,12,1881.733662
0.932248,12,1883.20452
0.979458,12,1884.53303
0.801816,12,1886.009602
0.813339,12,1887.455585
0.937461,12,1888.880981
0.817715,12,1890.316035
0.931734,12,1891.699991
1.103338,12,1893.072342
0.839545,12,1894.415293
0.890938,12,1895.837181
0.822694,12,1897.194813
0.961076,12,1898.640549
1.067269,12,1900.043837
0.812351,12,1901.427093
0.750303,12,1902.815588
0.968515,12,1904.201857
0.810383,12,1905.529063
0.884641,12,1906.972431
1.025157,12,1908.330979
0.871206,12,1909.707135
0.862877,12,1911.08568
0.886038,12,1912.500937
0.878485,12,1914.014801
0.858823,12,1915.37541
0.875467,12,1916.772607
0.876513,12,1918.157211
0.83378,12,1919.57152
0.873957,12,1921.033362
0.928318,12,1922.403351
1.085877,12,1923.823945
0.615013,12,1925.179852
0.983608,12,1926.555423
0.853624,12,1928.001987
0.8895,12,1929.435076
0.929923,12,1930.827861
0.856219,12,1932.134158
1.020033,12,1933.477135
0.90877,12,1934.883113
0.677672,12,1936.239162
0.931374,12,1938.074817
0.737399,12,1939.559547
0.798046,12,1940.920669
0.85777,12,1942.344608
0.928808,12,1943.686429
0.863324,12,1945.085869
0.895754,12,1946.45028
0.876819,12,1947.819987
0.744604,12,1949.235079
0.882449,12,1950.662558
0.729116,12,1952.072745
0.951696,12,1953.485489
0.675135,12,1955.009542
0.971067,12,1956.492178
0.889451,12,1957.904252
0.728614,12,1959.383921
0.975978,12,1960.757457
0.726786,12,1962.151802
0.765897,12,1963.518832
0.89009,12,1964.988122
0.846573,12,1966.345612
0.976497,12,1967.760363
0.835649,12,1969.227043
0.890009,12,1970.726712
0.896683,12,1972.137535
0.891432,12,1973.587951
0.94568,12,1975.018242
0.933072,12,1976.415742
1.098535,12,1977.806751
0.783651,12,1979.222422
1.008779,12,1980.623104
0.937512,12,1982.024917
0.62937,12,1983.541904
0.79832,12,1985.075287
0.710343,12,1986.561763
0.936131,12,1987.94572
0.732832,12,1989.342262
0.779245,12,1990.714041
0.940756,12,1992.067392
0.936419,12,1993.485247
0.767272,12,1994.874877
1.010037,12,1996.259957
0.767434,12,1997.684925
0.921078,12,1999.441747
0.838069,12,2000.834522
1.035171,12,2002.238585
0.803294,12,2003.632542
0.90959,12,2005.01918
0.939896,12,2006.51402
0.937785,12,2007.930759
0.957246,12,2009.25065
0.961197,12,2010.647017
0.814378,12,2012.125061
0.976821,12,2013.55017
0.840812,12,2014.857123
1.040916,12,2016.240476
1.037267,12,2017.688565
1.029637,12,2019.070031
0.752122,12,2020.470388
0.940013,12,2021.826397
0.905083,12,2023.139385
0.828469,12,2024.601988
0.838476,12,2025.924088
0.720373,12,2027.412144
0.751151,12,2028.811857
0.962479,12,2030.2084
0.809245,12,2031.556602
0.944322,12,2033.026093
0.651787,12,2034.5027
0.802091,12,2035.912271
0.911617,12,2037.296549
0.735805,12,2038.721357
0.714717,12,2040.075493
0.938734,12,2041.453077
0.941427,12,2042.87789
0.891449,12,2044.178887
0.781613,12,2045.585522
0.859068,12,2047.043085
1.008786,12,2048.470146
0.887132,12,2049.90923
0.749852,12,2051.277182
1.001651,12,2052.656057
0.861517,12,2054.001498
0.997208,12,2055.381295
0.836478,12,2056.746832
0.947562,12,2058.643788
1.041141,12,2059.999486
0.660968,12,2061.340352
0.840601,12,2062.771754
0.931908,12,2064.156055
0.958023,12,2065.58634
0.828722,12,2066.967776
0.920448,12,2068.293119
0.821193,12,2069.64433
0.937969,12,2070.943953
0.853312,12,2072.311765
1.02779,12,2073.621045
0.964017,12,2075.015843
0.798647,12,2076.360512
0.782448,12,2077.760867
0.7782,12,2079.218983
0.84739,12,2080.641514
0.830492,12,2082.042244
0.844633,12,2083.409452
1.053153,12,2084.814322
0.837982,12,2086.133497
0.929296,12,2087.537769
0.781694,12,2088.906853
1.000682,12,2090.306369
0.731085,12,2091.744882
0.943851,12,2093.201489
0.646624,12,2094.724141
0.762289,12,2096.150805
1.124885,12,2097.53994
0.767239,12,2098.88685
1.09175,12,2100.236715
0.860238,12,2101.554742
0.798927,12,2103.037952
0.828706,12,2104.391887
1.065984,12,2105.81822
0.855348,12,2107.268843
1.027303,12,2108.614583
1.013583,12,2110.065036
0.907588,12,2111.474068
0.998337,12,2112.873506
0.900894,12,2114.200732
1.041025,12,2115.65302
0.874082,12,2117.015257
0.851546,12,2118.778187
0.873169,12,2120.204556
1.047151,12,2121.541631
0.962647,12,2123.013063
0.970292,12,2124.36794
0.799612,12,2125.765512
0.855563,12,2127.109607
0.865117,12,2128.561977
1.187762,12,2129.945061
0.86036,12,2131.473884
0.901297,12,2132.86255
1.027847,12,2134.192421
0.853113,12,2135.53871
0.99646,12,2136.978149
0.894511,12,2138.293095
1.021352,12,2139.670672
0.829924,12,2140.98544
1.108505,12,2142.323473
1.031793,12,2143.664408
0.862016,12,2145.025391
1.107573,12,2146.439691
0.791601,12,2147.768068
0.828145,12,2149.134389
0.679817,12,2150.423626
0.760996,12,2151.82676
0.923007,12,2153.221534
0.794684,12,2154.583741
0.67214,12,2155.964766
0.922576,12,2157.404608
1.036769,12,2158.720339
0.829075,12,2160.114018
0.905572,12,2161.602793
0.802771,12,2162.941548
0.961409,12,2164.300606
1.050309,12,2165.712694
0.995548,12,2167.107317
1.121403,12,2168.441701
0.826474,12,2169.78219
0.89711,12,2171.174328
0.815604,12,2172.616863
0.837365,12,2174.025505
1.062987,12,2175.430655
0.892025,12,2176.818677
0.857109,12,2178.572867
0.902237,12,2179.95768
0.931655,12,2181.351547
0.892932,12,2182.694115
0.858319,12,2184.02734
0.931328,12,2185.445879
0.864107,12,2186.827487
0.933906,12,2188.459311
0.932334,12,2189.904356
0.871614,12,2191.40289
0.826056,12,2192.797552
1.061394,12,2194.19147
0.873556,12,2195.538125
0.844052,12,2196.882084
1.044334,12,2198.242177
0.915028,12,2199.688033
0.813839,12,2201.017879
0.823564,12,2202.291127
0.930928,12,2203.744968
1.0109,12,2205.210635
1.095837,12,2206.557743
0.909237,12,2207.939264
0.949223,12,2209.326806
0.70082,12,2210.736064
0.827175,12,2212.09151
0.893338,12,2213.530149
0.979417,12,2214.912681
0.851292,12,2216.26287
0.870086,12,2217.562165
0.807104,12,2219.016449
0.721379,12,2220.409777
0.767765,12,2221.8173
0.945622,12,2223.171065
0.847095,12,2224.584567
0.827094,12,2225.943784
0.917464,12,2227.297206
0.852343,12,2228.68447
0.928038,12,2230.105779
1.147077,12,2231.558664
0.65775,12,2232.97558
1.00266,12,2234.38152
0.876157,12,2235.751008
0.936972,12,2237.462678
0.886032,12,2238.850087
0.928782,12,2240.248142
0.929614,12,2241.604988
0.838686,12,2242.92917
0.936776,12,2244.328008
0.913201,12,2245.703282
0.83567,12,2247.145263
0.905565,12,2248.546584
0.90558,12,2249.958277
0.854357,12,2251.349251
0.95973,12,2252.649961
0.915609,12,2254.020433
0.561534,12,2255.568927
0.774815,12,2256.953641
0.962133,12,2258.335744
0.974541,12,2259.650139
0.772295,12,2261.034585
0.804574,12,2262.418805
0.914954,12,2263.731637
1.083133,12,2265.111911
0.789349,12,2266.521718
0.891195,12,2267.919262
1.111408,12,2269.272597
0.911762,12,2270.688287
0.91618,12,2272.022834
1.025656,12,2273.414387
1.097568,12,2274.710819
0.860455,12,2276.098838
0.723658,12,2277.513531
1.001472,12,2278.948673
0.882357,12,2280.308439
0.941822,12,2281.677268
0.717079,12,2283.117764
0.94936,12,2284.532263
0.915675,12,2285.976346
1.002698,12,2287.296464
0.801696,12,2288.650003
1.019754,12,2290.000805
1.053564,12,2291.451643
1.056346,12,2292.810325
0.830696,12,2294.195996
0.895349,12,2295.524859
0.837602,12,2297.373544
0.892645,12,2298.691784
0.869516,12,2300.078925
0.889106,12,2301.545803
0.980778,12,2302.974288
1.005856,12,2304.415315
1.038725,12,2305.772306
0.897136,12,2307.194004
0.971377,12,2308.679101
0.875544,12,2310.030505
1.100691,12,2311.385791
0.87055,12,2312.716148
1.037015,12,2314.081503
0.787668,12,2315.418708
0.907175,12,2316.785677
1.042742,12,2318.165574
1.058903,12,2319.532737
0.994463,12,2320.830479
0.747153,12,2322.153987
1.061712,12,2323.497062
0.885057,12,2324.890291
0.722169,12,2326.302356
0.867331,12,2327.754822
0.954253,12,2329.090916
0.85841,12,2330.458686
0.719916,12,2331.900793
0.954321,12,2333.329032
0.785481,12,2334.772698
0.892794,12,2336.068144
1.031086,12,2337.403365
0.920514,12,2338.746766
0.89246,12,2340.082139
0.788945,12,2341.522114
0.963617,12,2342.818291
1.083471,12,2344.13435
1.008189,12,2345.506285
0.97272,12,2346.867199
1.007874,12,2348.195665
1.106615,12,2349.54107
0.839724,12,2350.989328
0.876046,12,2352.378996
0.921223,12,2353.75962
0.996802,12,2355.046917
0.956624,12,2356.833734
0.894133,12,2358.155299
0.832462,12,2359.462974
0.947795,12,2360.852087
0.866048,12,2362.358619
1.005499,12,2363.733711
0.924548,12,2365.08714
0.803625,12,2366.443486
0.991651,12,2367.780979
1.014185,12,2369.173674
0.914516,12,2370.529619
0.874158,12,2371.922652
0.879096,12,2373.269131
1.022629,12,2374.688161
1.017761,12,2376.077434
0.824163,12,2377.501745
0.852083,12,2378.849689
0.774545,12,2380.220826
1.008261,12,2381.60553
0.781231,12,2383.017597
0.99811,12,2384.377819
1.038334,12,2385.709925
0.838974,12,2387.023635
1.07143,12,2388.364982
0.689746,12,2389.783953
0.93562,12,2391.131093
1.015011,12,2392.42064
0.986915,12,2393.826221
0.745029,12,2395.226653
1.00729,12,2396.545561
0.669039,12,2397.961394
0.772648,12,2399.368242
1.05777,12,2400.71499
0.863594,12,2402.063808
0.934613,12,2403.379893
0.88336,12,2404.689801
0.883847,12,2406.002867
0.715267,12,2407.410275
0.969193,12,2408.754069
0.944195,12,2410.068309
0.612806,12,2411.488612
0.895312,12,2412.863259
0.806335,12,2414.634116
0.998423,12,2416.133511
0.982348,12,2417.444762
0.864395,12,2418.744256
1.003082,12,2420.095237
0.927818,12,2421.428402
1.0212,12,2422.705627
0.912766,12,2424.156482
0.722296,12,2425.530343
0.832485,12,2426.878314
0.935289,12,2428.165272
0.950393,12,2429.472746
0.796629,12,2430.870901
0.992007,12,2432.204234
0.884891,12,2433.595781
0.98956,12,2434.89867
0.89478,12,2436.29288
0.733215,12,2437.628276
0.877415,12,2438.976099
0.873395,12,2440.273306
0.869929,12,2441.68069
0.953704,12,2443.039127
0.975486,12,2444.371923
0.793597,12,2445.690909
1.004968,12,2447.069725
1.026195,12,2448.463198
0.868505,12,2449.748418
0.966977,12,2451.044778
0.897785,12,2452.441303
0.970713,12,2453.822723
0.90016,12,2455.210604
0.926484,12,2456.519912
1.049194,12,2457.875434
1.089897,12,2459.28181
0.973618,12,2460.582841
1.104433,12,2462.096165
0.894761,12,2463.417709
1.076319,12,2464.780017
0.936662,12,2466.11263
0.824724,12,2467.519456
0.824568,12,2468.813673
1.07145,12,2470.133461
0.912481,12,2471.458901
0.977009,12,2473.251965
1.019153,12,2474.558784
0.852404,12,2475.866183
0.966226,12,2477.204106
0.889821,12,2478.559681
1.046574,12,2479.888384
1.02675,12,2481.252887
0.930943,12,2482.642103
0.822366,12,2483.981796
0.831354,12,2485.372484
0.967845,12,2486.669401
1.063909,12,2488.086391
1.006398,12,2489.441709
0.956131,12,2490.757093
0.945851,12,2492.064383
0.994599,12,2493.492681
0.990065,12,2494.79275
0.853781,12,2496.177299
0.770117,12,2497.586511
0.993191,12,2498.953426
0.730371,12,2500.3723
1.069983,12,2501.70369
1.037913,12,2502.976297
0.630732,12,2504.366902
0.749119,12,2505.768986
1.091811,12,2507.107179
0.949103,12,2508.457102
0.835086,12,2509.823898
1.017397,12,2511.212858
1.012319,12,2512.562488
1.004784,12,2514.066182
0.86402,12,2515.434882
1.048018,12,2516.810617
1.033859,12,2518.111173
1.039526,12,2519.519269
0.871014,12,2520.8208
0.863395,12,2522.170062
0.860995,12,2523.450294
0.772981,12,2524.80437
0.984141,12,2526.104004
0.967492,12,2527.3974
0.942252,12,2528.739037
0.803952,12,2530.035568
0.95916,12,2531.725008
0.912473,12,2533.034707
0.898901,12,2534.442387
0.940719,12,2535.795289
1.003322,12,2537.036019
0.77998,12,2538.3727
0.98991,12,2539.7564
0.935689,12,2541.042346
0.821113,12,2542.393957
0.890744,12,2543.807015
0.839784,12,2545.297148
0.859691,12,2546.604996
0.925543,12,2547.936862
0.886677,12,2549.253235
0.976945,12,2550.547537
0.909584,12,2551.90588
1.140155,12,2553.226259
1.118515,12,2554.549092
0.848918,12,2555.88151
0.96571,12,2557.258541
0.998619,12,2558.605422
0.789613,12,2559.959681
0.912374,12,2561.364022
0.86524,12,2562.671034
0.86556,12,2563.99129
0.890034,12,2565.467692
1.04936,12,2566.792139
1.100523,12,2568.098997
0.876775,12,2569.39565
0.99854,12,2570.835672
0.896417,12,2572.195184
0.908807,12,2573.480939
0.881701,12,2574.823141
0.838248,12,2576.154801
0.831268,12,2577.495312
0.851015,12,2578.832828
0.887842,12,2580.189481
0.894647,12,2581.475645
0.996853,12,2582.753269
0.983484,12,2584.077054
0.9564,12,2585.470863
0.82923,12,2586.79198
1.114458,12,2588.49565
0.968104,12,2589.827907
0.919905,12,2591.203638
0.922294,12,2592.505912
1.0226,12,2593.808352
0.947065,12,2595.196934
1.069828,12,2596.61072
0.869662,12,2597.93308
1.030815,12,2599.268036
1.103203,12,2600.624155
1.198809,12,2602.013941
0.978366,12,2603.327046
0.980755,12,2604.619819
0.952226,12,2605.973671
0.922303,12,2607.387263
0.791382,12,2608.713664
0.833819,12,2610.04092
0.911133,12,2611.34705
0.941496,12,2612.740525
0.881136,12,2614.205359
0.918821,12,2615.54271
0.906777,12,2616.889945
0.913206,12,2618.259377
1.003041,12,2619.603243
1.095137,12,2620.897608
0.958398,12,2622.245474
0.88971,12,2623.615962
1.078739,12,2624.902925
1.015532,12,2626.205593
0.902667,12,2627.677185
0.943064,12,2629.019213
0.928672,12,2630.293402
0.935499,12,2631.676739
0.864385,12,2633.10125
0.999443,12,2634.507348
0.816276,12,2635.937362
0.8992,12,2637.300186
0.842223,12,2638.746192
0.958704,12,2640.139669
0.842198,12,2641.534039
0.896417,12,2642.872573
0.731248,12,2644.285588
1.082914,12,2645.610976
1.116412,12,2647.368068
0.93654,12,2648.944027
0.876915,12,2650.335019
1.102026,12,2651.649804
0.949483,12,2652.959556
1.030724,12,2654.324315
0.896953,12,2655.671505
1.0496,12,2657.026327
0.744735,12,2658.494522
0.831898,12,2659.945929
0.87429,12,2661.32531
0.870883,12,2662.679789
1.070007,12,2664.163207
0.919465,12,2665.579337
0.967074,12,2666.895858
0.872198,12,2668.277738
0.875346,12,2669.896468
0.953897,12,2671.363181
0.92379,12,2672.743926
0.822864,12,2674.195071
1.106832,12,2675.559685
0.890604,12,2676.967538
1.016838,12,2678.272624
0.948306,12,2679.704086
0.849361,12,2681.029048
0.8789,12,2682.450162
0.795033,12,2683.80158
0.851853,12,2685.145313
0.93374,12,2686.528274
0.795217,12,2687.881079
0.852919,12,2689.215549
0.924414,12,2690.660135
0.797337,12,2692.013323
0.975319,12,2693.401661
0.8031,12,2694.792849
0.934859,12,2696.137028
0.911864,12,2697.521297
0.839067,12,2698.870069
0.940777,12,2700.247141
0.837039,12,2701.594115
0.948303,12,2702.990751
0.876536,12,2704.33053
0.983351,12,2705.711123
0.945729,12,2707.428597
0.953272,12,2708.743191
0.906703,12,2710.069833
0.973565,12,2711.382312
1.032107,12,2712.692777
0.813887,12,2714.019459
1.028864,12,2715.288094
0.922785,12,2716.619573
0.817805,12,2718.02478
0.846429,12,2719.413977
1.025271,12,2720.84023
0.885593,12,2722.148037
1.009192,12,2723.464001
0.739548,12,2724.867617
0.896867,12,2726.330406
0.976366,12,2727.633789
0.947693,12,2728.907943
0.931372,12,2730.248243
0.782848,12,2731.626379
1.081257,12,2732.97174
0.981255,12,2734.279631
0.828713,12,2735.597402
0.88144,12,2736.966583
0.881082,12,2738.272486
1.047341,12,2739.561441
0.938293,12,2740.90728
1.087825,12,2742.185541
0.832748,12,2743.502416
0.911262,12,2744.860727
1.136822,12,2746.27762
0.987309,12,2747.622518
0.813298,12,2748.91851
0.927599,12,2750.264915
1.00719,12,2751.58641
1.047642,12,2752.903539
0.956468,12,2754.23086
0.856919,12,2755.605119
0.903337,12,2757.03475
0.958046,12,2758.36683
0.901999,12,2759.689556
0.970248,12,2761.056675
0.971907,12,2762.396743
0.811267,12,2764.093958
0.784932,12,2765.396022
0.899986,12,2766.721847
0.94957,12,2768.096779
0.863845,12,2769.371148
1.000983,12,2770.68247
0.785373,12,2771.992673
0.858281,12,2773.259942
1.005179,12,2774.602544
0.891013,12,2775.915076
0.948916,12,2777.30447
0.904741,12,2778.598268
0.845,12,2779.934863
1.065965,12,2781.282662
0.877893,12,2782.608617
1.00498,12,2783.97706
0.947224,12,2785.29333
0.953845,12,2786.631599
0.913953,12,2787.994317
0.94541,12,2789.325884
0.907321,12,2790.606453
0.887688,12,2792.006205
1.127115,12,2793.449617
1.055215,12,2794.786835
1.105171,12,2796.087442
1.038034,12,2797.481754
0.998666,12,2798.877752
0.77094,12,2800.222144
0.908211,12,2801.524989
1.032178,12,2802.857911
0.727202,12,2804.204074
1.017917,12,2805.607587
0.963923,12,2806.9595
0.85305,12,2808.265868
0.960461,12,2809.589056
0.992151,12,2810.95926
1.109184,12,2812.26907
1.034707,12,2813.572182
0.809947,12,2814.947757
0.88245,12,2816.257094
0.983724,12,2817.686435
0.988982,12,2819.12737
0.960917,12,2820.452582
0.959704,12,2822.156787
1.039958,12,2823.478999
1.039483,12,2824.872162
0.840863,12,2826.159976
0.903179,12,2827.401372
0.997559,12,2828.748324
1.067008,12,2830.106588
0.96709,12,2831.42095
0.947023,12,2832.76559
0.982347,12,2834.059991
0.99614,12,2835.378585
0.996279,12,2836.692751
0.892577,12,2837.978097
1.077386,12,2839.334995
0.91445,12,2840.601424
0.964805,12,2841.898431
1.010845,12,2843.22548
0.912895,12,2844.49532
1.12149,12,2845.868886
0.910538,12,2847.225966
0.925858,12,2848.529042
0.96218,12,2849.805045
1.106564,12,2851.128039
0.834455,12,2852.443177
1.120852,12,2853.760403
0.941834,12,2855.02965
0.834538,12,2856.364545
1.041681,12,2857.699727
0.830587,12,2859.070525
0.819912,12,2860.400272
1.12713,12,2861.694957
1.051935,12,2863.026003
0.952628,12,2864.313193
1.052686,12,2865.6217
1.195142,12,2866.948679
0.958863,12,2868.282945
1.059157,12,2869.547913
0.927102,12,2870.882036
0.978274,12,2872.192791
0.933535,12,2873.510162
1.059062,12,2874.7529
0.90037,12,2876.12276
1.045191,12,2877.414699
1.067937,12,2879.129398
0.899792,12,2880.414057
0.970317,12,2881.788541
0.927749,12,2883.129568
0.945007,12,2884.455093
0.888456,12,2885.797951
1.027641,12,2887.131445
0.951995,12,2888.523531
0.895211,12,2889.859057
0.964271,12,2891.202475
1.000038,12,2892.490056
1.079435,12,2893.841842
0.906487,12,2895.270947
0.925044,12,2896.58788
1.137207,12,2897.875588
0.952217,12,2899.238016
1.049362,12,2900.497599
0.815674,12,2901.870923
1.034102,12,2903.205894
0.982913,12,2904.507891
0.843131,12,2905.830813
0.991817,12,2907.169807
1.132455,12,2908.474285
0.941924,12,2909.734254
1.045162,12,2911.064149
0.884722,12,2912.515833
1.016834,12,2913.855489
0.982636,12,2915.161058
0.982501,12,2916.488713
0.931461,12,2917.962672
0.940292,12,2919.28862
1.01513,12,2920.647999
0.921203,12,2922.028885
0.979027,12,2923.36015
1.082483,12,2924.659809
1.002673,12,2925.996925
0.836513,12,2927.30505
0.78652,12,2928.599458
1.029751,12,2929.934583
0.989794,12,2931.200626
0.950403,12,2932.518507
0.941058,12,2933.844582
1.037397,12,2935.5738
0.996084,12,2936.907798
1.045963,12,2938.299887
0.574791,12,2939.733784
1.094698,12,2941.017586
0.955009,12,2942.33439
1.000524,12,2943.693449
0.892211,12,2944.963682
1.043435,12,2946.289421
1.043818,12,2947.623449
0.986104,12,2949.065917
1.027096,12,2950.445806
1.177327,12,2951.791579
0.914566,12,2953.160583
1.150465,12,2954.505847
0.876536,12,2955.836629
0.984056,12,2957.112579
1.024898,12,2958.476115
0.961236,12,2959.825597
0.877802,12,2961.178019
0.93343,12,2962.497139
0.98086,12,2963.800843
0.918534,12,2965.138725
0.941603,12,2966.445456
0.888067,12,2967.71894
0.869584,12,2968.968417
0.995804,12,2970.240216
0.915479,12,2971.550277
1.019931,12,2972.843991
0.987858,12,2974.201861
1.059606,12,2975.466669
0.938513,12,2976.757941
0.947243,12,2978.014383
0.959893,12,2979.352395
0.988101,12,2980.727086
1.03958,12,2981.987523
1.078138,12,2983.294788
0.895444,12,2984.646065
0.920015,12,2985.985158
0.96652,12,2987.209236
1.058628,12,2988.585014
0.893813,12,2990.034862
1.036483,12,2991.286417
0.926259,12,2992.9695
0.666492,12,2994.334941
0.902646,12,2995.675685
1.10755,12,2996.976699
1.154375,12,2998.27877
1.061078,12,2999.551185
0.950706,12,3000.882678
1.113116,12,3002.139244
1.088662,12,3003.425391
0.83877,12,3004.82829
0.907125,12,3006.161432
1.015092,12,3007.528549
1.029662,12,3008.853307
1.00141,12,3010.223867
1.045016,12,3011.513885
0.901497,12,3012.848572
0.950514,12,3014.16513
0.853535,12,3015.536147
0.889189,12,3016.838836
0.88105,12,3018.194829
0.923983,12,3019.513053
1.19267,12,3020.870355
0.893297,12,3022.16898
0.79233,12,3023.506914
0.997898,12,3024.81955
0.951408,12,3026.221586
1.054955,12,3027.541821
0.99614,12,3028.882715
0.882233,12,3030.209498
0.950083,12,3031.651613
0.912577,12,3032.967566
0.909087,12,3034.296527
0.827973,12,3035.620142
1.13996,12,3036.944723
0.902278,12,3038.228237
0.815936,12,3039.588856
0.955068,12,3040.956901
0.881883,12,3042.284114
1.116297,12,3043.581819
1.036768,12,3044.885371
0.805761,12,3046.269563
1.048604,12,3047.553902
0.824991,12,3048.973595
1.269503,12,3050.690026
0.8436,12,3052.040139
1.058359,12,3053.388106
1.027995,12,3054.741194
0.966138,12,3056.049974
1.098871,12,3057.397326
0.976222,12,3058.703615
0.983325,12,3060.016874
0.890121,12,3061.271226
0.860445,12,3062.699114
1.067642,12,3063.981272
0.967298,12,3065.276808
1.052874,12,3066.537092
0.963829,12,3067.935597
0.90534,12,3069.290249
1.047264,12,3070.594881
0.798031,12,3071.95358
0.913451,12,3073.24554
1.019639,12,3074.550834
0.974243,12,3075.842279
0.93287,12,3077.234888
0.923277,12,3078.504392
1.007319,12,3079.864075
0.944803,12,3081.167733
0.993466,12,3082.545537
0.902772,12,3083.848908
1.146708,12,3085.179146
0.755153,12,3086.465451
1.112708,12,3087.755132
1.118395,12,3089.064831
1.093308,12,3090.355009
0.880655,12,3091.711832
0.968816,12,3093.059307
0.858722,12,3094.428896
0.856782,12,3095.732413
1.026798,12,3097.043249
1.210914,12,3098.371429
0.93013,12,3099.689868
1.083614,12,3100.990937
1.028212,12,3102.358762
1.088581,12,3103.772542
1.011791,12,3105.072777
1.121303,12,3106.805551
0.999081,12,3108.154809
0.884866,12,3109.514356
0.948296,12,3110.770636
1.067141,12,3112.056078
0.860642,12,3113.339159
0.906595,12,3114.695927
0.962339,12,3116.057529
0.858612,12,3117.372236
0.956168,12,3118.738949
0.808691,12,3119.99211
0.972603,12,3121.346724
1.041697,12,3122.726411
0.950102,12,3123.979034
0.996915,12,3125.269448
1.116588,12,3126.584916
1.001666,12,3127.930212
1.035709,12,3129.19793
1.027269,12,3130.570492
1.152841,12,3131.935604
0.967132,12,3133.199074
0.994886,12,3134.521941
1.116362,12,3135.836835
0.956431,12,3137.132105
1.054964,12,3138.397039
0.839337,12,3139.735732
1.057941,12,3141.027408
0.826362,12,3142.308254
0.998975,12,3143.658111
0.994419,12,3145.047677
0.935118,12,3146.338096
0.834784,12,3147.648231
1.055026,12,3148.979625
0.989565,12,3150.355462
0.847111,12,3151.69344
1.012688,12,3153.08277
0.938681,12,3154.396212
1.021149,12,3155.750753
0.925439,12,3157.105941
0.961358,12,3158.372961
1.059254,12,3159.725621
0.847181,12,3161.123744
0.897486,12,3162.383727
1.097775,12,3164.089212
0.92146,12,3165.399744
1.243521,12,3166.882046
1.027069,12,3168.158199
0.904592,12,3169.494738
0.813179,12,3170.806548
1.05114,12,3172.092119
1.037469,12,3173.40628
0.977266,12,3174.82622
1.122257,12,3176.120979
1.176771,12,3177.546063
1.046139,12,3178.863262
0.786709,12,3180.174954
0.890235,12,3181.593983
1.036986,12,3182.947642
0.819144,12,3184.270365
0.945025,12,3185.565707
1.145732,12,3186.949074
0.916374,12,3188.258455
1.077261,12,3189.582213
1.096713,12,3190.949013
0.975898,12,3192.284438
0.987562,12,3193.619843
0.889479,12,3194.914412
0.894179,12,3196.170859
1.056512,12,3197.516852
0.872992,12,3198.87119
0.9059,12,3200.286772
1.019514,12,3201.600585
0.93453,12,3202.923571
0.954461,12,3204.181067
1.049633,12,3205.457183
0.964842,12,3206.840572
1.068606,12,3208.117339
0.841657,12,3209.438395
1.124245,12,3210.736911
0.897549,12,3212.059796
0.888942,12,3213.399011
0.928403,12,3214.704179
0.991351,12,3216.052336
1.024802,12,3217.306029
1.054969,12,3218.682026
1.008368,12,3219.987415
1.002688,12,3221.634177
0.971207,12,3223.029093
0.919617,12,3224.322155
0.814551,12,3225.654379
0.968433,12,3227.031013
1.014983,12,3228.417021
0.993903,12,3229.758323
0.971417,12,3231.032623
0.928593,12,3232.355251
1.064707,12,3233.640696
1.000693,12,3234.926691
1.034945,12,3236.283882
0.829775,12,3237.572395
0.927507,12,3238.922204
0.884679,12,3240.233968
1.032614,12,3241.570355
0.947096,12,3242.843754
1.030791,12,3244.209217
0.881766,12,3245.503103
1.004347,12,3246.824439
1.134278,12,3248.135136
1.012242,12,3249.545543
1.026227,12,3250.859869
1.077871,12,3252.218398
1.08632,12,3253.6011
0.827195,12,3254.916692
0.98092,12,3256.282231
1.135397,12,3257.575738
1.140017,12,3258.921978
0.903402,12,3260.218141
0.993981,12,3261.539204
0.913749,12,3262.833317
1.076404,12,3264.155658
1.04369,12,3265.489531
1.032659,12,3266.777436
0.89568,12,3268.074846
0.816094,12,3269.442628
0.917507,12,3270.732607
0.829985,12,3272.023315
0.946743,12,3273.304505
0.956626,12,3274.630126
0.959922,12,3275.98146
0.913062,12,3277.64576
1.016198,12,3278.971724
0.991507,12,3280.383812
0.932917,12,3281.677615
0.861794,12,3282.978185
0.917047,12,3284.321708
0.931812,12,3285.688009
0.986255,12,3287.028074
0.948084,12,3288.294388
1.021755,12,3289.59431
0.984707,12,3290.930022
0.90907,12,3292.243407
1.020929,12,3293.662073
1.049579,12,3294.989736
0.918855,12,3296.295771
1.075116,12,3297.546599
1.026505,12,3298.926793
1.084281,12,3300.202223
1.013393,12,3301.580567
1.17988,12,3302.888818
1.173973,12,3304.212474
0.933,12,3305.627264
0.964403,12,3307.004633
1.000074,12,3308.279336
1.225828,12,3309.621597
0.943024,12,3310.950094
1.052971,12,3312.24467
1.07992,12,3313.534926
1.023188,12,3314.926058
1.04565,12,3316.345535
1.182334,12,3317.631225
0.941071,12,3318.949937
0.763054,12,3320.205352
1.114077,12,3321.608258
0.924179,12,3322.895094
1.082514,12,3324.166857
1.120276,12,3325.503079
1.091375,12,3326.878549
0.952579,12,3328.231322
0.890925,12,3329.523209
0.880688,12,3330.835425
0.928571,12,3332.147541
0.876966,12,3333.456702
0.96926,12,3335.152419
0.905114,12,3336.397088
1.124444,12,3337.750253
0.897085,12,3339.090513
1.089595,12,3340.40399
1.078187,12,3341.72291
1.019483,12,3343.047357
0.920574,12,3344.384268
1.039983,12,3345.705513
0.903988,12,3347.105652
1.037461,12,3348.432484
1.094245,12,3349.76917
1.013179,12,3351.066294
0.91508,12,3352.434359
1.049223,12,3353.755789
0.942448,12,3355.014777
0.896395,12,3356.308067
1.061009,12,3357.63919
1.122517,12,3358.936439
0.947677,12,3360.273731
1.119422,12,3361.563529
0.76836,12,3362.963371
0.947169,12,3364.211831
1.08488,12,3365.559845
0.994444,12,3366.899811
1.015448,12,3368.265138
0.9786,12,3369.58003
1.008236,12,3370.9107
0.903915,12,3372.214981
0.913515,12,3373.474776
1.107835,12,3374.819302
0.947311,12,3376.106662
0.957962,12,3377.484819
0.878641,12,3378.77673
0.964061,12,3380.165017
0.891315,12,3381.494671
1.118574,12,3382.786517
1.121664,12,3384.162465
1.06292,12,3385.451972
1.060078,12,3386.753633
0.838774,12,3388.105088
1.112704,12,3389.367003
0.961192,12,3390.708207
1.008574,12,3392.366236
1.032513,12,3393.744269
0.959359,12,3395.071378
0.915774,12,3396.390035
1.143091,12,3397.746143
0.74862,12,3399.11243
0.996137,12,3400.409124
0.958006,12,3401.645244
1.006689,12,3402.954932
0.936065,12,3404.340731
1.12464,12,3405.671551
0.857405,12,3406.96296
0.899626,12,3408.273345
1.047808,12,3409.662699
0.79635,12,3410.937272
1.016175,12,3412.300933
0.952184,12,3413.66687
1.071197,12,3414.912435
1.115583,12,3416.17977
0.944726,12,3417.477906
0.814855,12,3418.787912
1.016416,12,3420.144291
0.901043,12,3421.397954
1.144951,12,3422.736919
1.130583,12,3424.068912
1.096701,12,3425.413358
1.074076,12,3426.719937
0.935462,12,3428.060614
0.900852,12,3429.417731
0.830406,12,3430.713273
0.847642,12,3432.081679
0.791819,12,3433.40733
0.984535,12,3434.720262
1.007101,12,3436.086013
1.036845,12,3437.382573
0.982356,12,3438.728746
1.103168,12,3440.101456
0.857752,12,3441.415806
1.157784,12,3442.744385
0.870663,12,3444.10267
1.136658,12,3445.485209
0.904435,12,3446.788918
0.923123,12,3448.403223
0.989623,12,3449.747391
1.026672,12,3451.061193
0.982861,12,3452.36966
1.003137,12,3453.707469
1.007712,12,3455.023963
1.020208,12,3456.315504
0.877709,12,3457.590978
0.900029,12,3458.940863
0.85593,12,3460.19923
1.081758,12,3461.54808
1.083391,12,3462.846798
1.008943,12,3464.15719
0.960478,12,3465.473577
1.05082,12,3466.766319
0.991623,12,3468.055125
1.04235,12,3469.337109
0.871626,12,3470.615806
1.123537,12,3471.880207
0.782398,12,3473.16013
0.980429,12,3474.496547
1.146696,12,3475.771643
1.040371,12,3477.1101
0.929631,12,3478.427734
0.904688,12,3479.770774
0.891392,12,3481.048281
0.927103,12,3482.357501
0.877708,12,3483.679699
1.046524,12,3485.007883
0.962018,12,3486.353349
1.02332,12,3487.818366
0.97811,12,3489.089398
1.083914,12,3490.398151
1.039616,12,3491.649832
0.886239,12,3493.036728
1.153198,12,3494.327057
0.894829,12,3495.622293
1.139779,12,3496.915842
0.85868,12,3498.274875
1.044096,12,3499.587529
1.045965,12,3500.97998
1.063164,12,3502.323092
1.011765,12,3503.680357
0.995002,12,3505.349193
0.972995,12,3506.68007
0.989971,12,3508.072826
0.926803,12,3509.374309
0.974235,12,3510.708491
0.938201,12,3511.978809
0.985325,12,3513.312623
1.047945,12,3514.614241
1.065608,12,3515.900734
0.972535,12,3517.214188
0.913805,12,3518.527595
0.96196,12,3519.822962
0.933631,12,3521.13564
1.126662,12,3522.460009
1.065034,12,3523.745844
1.119921,12,3525.11814
0.987609,12,3526.426715
1.037573,12,3527.734097
1.031977,12,3529.065577
1.06407,12,3530.377026
0.897506,12,3531.687395
0.965252,12,3532.98914
0.855667,12,3534.326829
1.077472,12,3535.663324
0.920937,12,3536.97966
0.981742,12,3538.297285
1.162503,12,3539.606509
1.064786,12,3540.834281
0.918933,12,3542.1218
1.056929,12,3543.534127
1.04289,12,3544.824947
1.12385,12,3546.197618
1.140188,12,3547.537954
1.159912,12,3548.885429
0.949854,12,3550.152611
0.926606,12,3551.487339
1.01903,12,3552.816309
1.195257,12,3554.164999
0.937627,12,3555.476128
1.004043,12,3556.83567
1.082253,12,3558.131165
0.978978,12,3559.484159
1.151123,12,3560.819947
1.085497,12,3562.600154
0.881675,12,3563.967541
0.999582,12,3565.271492
1.062664,12,3566.555311
0.996314,12,3567.83481
1.066363,12,3569.127461
0.871588,12,3570.423114
1.071485,12,3571.742325
1.019882,12,3573.183707
0.940188,12,3574.544973
1.122799,12,3575.904832
1.047494,12,3577.266183
0.857496,12,3578.578357
0.919484,12,3579.813762
1.089577,12,3581.100501
0.855714,12,3582.449182
1.014007,12,3583.81383
0.896784,12,3585.108228
0.698625,12,3586.405219
1.004298,12,3587.676483
1.032026,12,3588.911879
1.020531,12,3590.280171
1.005111,12,3591.600333
0.850165,12,3592.918459
0.908349,12,3594.247005
0.964314,12,3595.600404
1.002368,12,3596.938831
0.986776,12,3598.241773
1.031787,12,3599.549847
0.986166,12,3600.892206
1.015905,12,3602.156931
0.942569,12,3603.448381
0.939213,12,3604.766804
1.092594,12,3606.128394
1.019659,12,3607.442087
1.096962,12,3608.687021
0.915067,12,3610.011916
0.895504,12,3611.432766
0.992232,12,3612.761211
1.104304,12,3614.034431
1.094587,12,3615.348142
1.185682,12,3616.736354
1.066464,12,3618.417789
0.877248,12,3619.69511
1.171808,12,3620.975535
1.086397,12,3622.255668
1.016211,12,3623.541503
0.986401,12,3624.839956
0.956119,12,3626.176212
0.909719,12,3627.465116
1.011139,12,3628.797918
0.867799,12,3630.074342
1.082381,12,3631.350327
1.179803,12,3632.68398
1.094705,12,3633.965561
1.020253,12,3635.179587
1.028626,12,3636.447788
0.941716,12,3637.801397
1.109714,12,3639.149641
1.101552,12,3640.445675
1.135827,12,3641.799834
1.219097,12,3643.131484
0.862644,12,3644.40158
1.013066,12,3645.653212
1.022687,12,3646.951391
0.833712,12,3648.268177
1.013761,12,3649.56296
0.918666,12,3650.886832
1.054334,12,3652.21931
0.931175,12,3653.442352
1.207702,12,3654.770947
0.858104,12,3656.036774
0.952674,12,3657.49026
0.903571,12,3658.788078
1.007033,12,3660.147287
1.049724,12,3661.403655
0.939754,12,3662.694354
0.886875,12,3664.016534
1.033179,12,3665.325739
1.03562,12,3666.575416
0.993708,12,3667.943171
0.92245,12,3669.218612
1.043906,12,3670.502861
1.054952,12,3671.854684
0.997225,12,3673.216768
1.024047,12,3674.91023
0.992707,12,3676.17248
1.060566,12,3677.518327
1.033961,12,3678.859658
1.092003,12,3680.14354
1.100903,12,3681.48405
0.928108,12,3682.699873
1.088787,12,3683.935122
1.018524,12,3685.2781
0.984307,12,3686.540612
0.958902,12,3687.872563
1.176899,12,3689.20297
1.123317,12,3690.494698
1.085638,12,3691.741592
0.954804,12,3693.037488
0.9407,12,3694.348094
1.054926,12,3695.728022
1.007649,12,3697.027108
1.085808,12,3698.372973
0.987165,12,3699.785587
0.949298,12,3701.141173
1.010025,12,3702.464926
0.982594,12,3703.815835
0.895842,12,3705.203899
1.044199,12,3706.569036
1.006609,12,3708.025247
1.12006,12,3709.423585
0.977252,12,3710.830437
0.904892,12,3712.124048
0.864428,12,3713.502383
0.738618,12,3714.911638
0.851505,12,3716.249034
0.931435,12,3717.551889
0.794221,12,3718.879299
1.030281,12,3720.171633
1.154437,12,3721.493832
1.059549,12,3722.822065
1.009457,12,3724.078856
0.936597,12,3725.48876
0.825741,12,3726.847388
0.917034,12,3728.197713
0.916938,12,3729.591473
0.759982,12,3731.103777
0.936282,12,3733.018711
0.923225,12,3734.359364
0.934345,12,3735.875515
0.990542,12,3737.193165
1.13857,12,3738.54114
0.895929,12,3739.85727
1.083339,12,3741.289935
0.929032,12,3742.584904
1.081741,12,3743.879235
1.101035,12,3745.153811
1.023434,12,3746.475986
1.109606,12,3747.809817
0.965785,12,3749.139064
1.158416,12,3750.445008
0.899546,12,3751.802105
1.071704,12,3753.099643
0.986624,12,3754.429791
0.970066,12,3755.841653
0.975559,12,3757.211932
1.130151,12,3758.493061
1.111675,12,3759.767308
0.993247,12,3761.181828
0.886796,12,3762.451462
0.887738,12,3763.762879
1.088238,12,3765.138714
1.017693,12,3766.51393
1.041432,12,3767.83777
0.947372,12,3769.101356
1.126705,12,3770.391731
1.040339,12,3771.737548
0.944275,12,3773.067234
0.808234,12,3774.551917
1.04936,12,3775.922942
0.843942,12,3777.280249
1.05518,12,3778.580603
1.109104,12,3779.865905
1.202103,12,3781.222422
0.9141,12,3782.670942
0.962041,12,3783.983637
1.004162,12,3785.268005
0.932581,12,3786.632748
1.0437,12,3787.993296
0.844617,12,3789.762835
0.874009,12,3791.122036
1.113209,12,3792.452368
0.801826,12,3793.735231
0.949025,12,3795.084164
1.028691,12,3796.370763
1.024911,12,3797.729161
1.076513,12,3799.102143
0.915144,12,3800.482441
1.047984,12,3801.803657
1.036989,12,3803.195278
1.15081,12,3804.470459
1.007632,12,3805.83622
1.140384,12,3807.1537
1.079228,12,3808.39186
0.934328,12,3809.686582
0.993297,12,3810.990183
0.894729,12,3812.272532
0.957645,12,3813.58289
1.011428,12,3814.93206
0.978499,12,3816.285239
0.978501,12,3817.527029
1.031318,12,3819.027663
1.010904,12,3820.319422
0.932507,12,3821.631776
1.131781,12,3822.905725
0.866964,12,3824.165203
1.00413,12,3825.483541
0.974971,12,3826.778308
0.872635,12,3828.081936
1.038621,12,3829.368322
0.980292,12,3830.661326
0.953463,12,3831.913861
0.95292,12,3833.227413
1.017944,12,3834.543107
1.091002,12,3835.880376
1.031626,12,3837.248476
0.967706,12,3838.641222
0.937294,12,3839.980895
0.814747,12,3841.22646
1.018226,12,3842.549431
0.951591,12,3843.869404
1.111801,12,3845.172671
1.165449,12,3846.795517
1.123884,12,3848.117096
1.156691,12,3849.424471
0.990633,12,3850.732948
1.207545,12,3852.032207
1.038986,12,3853.367002
0.903246,12,3854.763716
1.015377,12,3856.058383
1.21222,12,3857.332673
0.985126,12,3858.63006
0.988754,12,3859.965516
0.970828,12,3861.195287
1.231765,12,3862.555415
1.040822,12,3863.79329
0.977071,12,3865.145658
0.970704,12,3866.389648
0.934749,12,3867.697996
1.119936,12,3869.032523
1.026349,12,3870.38379
0.953897,12,3871.676283
1.042572,12,3873.046033
0.898936,12,3874.35396
0.876594,12,3875.655952
0.795171,12,3876.954322
1.086023,12,3878.335932
1.03847,12,3879.578083
1.093847,12,3880.852119
0.961393,12,3882.187285
1.001254,12,3883.545188
1.060846,12,3884.85757
1.049417,12,3886.151019
0.955842,12,3887.436088
1.041404,12,3888.763783
1.144547,12,3890.114998
1.064969,12,3891.425813
0.971466,12,3892.757386
0.92978,12,3894.002097
1.025178,12,3895.266083
1.104729,12,3896.651893
1.005184,12,3897.957662
1.148257,12,3899.221893
1.003155,12,3900.537957
0.884969,12,3901.836237
1.039684,12,3903.556673
0.957487,12,3904.844857
0.977595,12,3906.175738
1.120156,12,3907.44337
0.99925,12,3908.772412
1.006773,12,3910.141093
1.111485,12,3911.449911
1.071396,12,3912.829996
1.060716,12,3914.07836
1.072342,12,3915.438259
0.969852,12,3916.798898
1.040375,12,3918.086502
0.987513,12,3919.482017
1.00275,12,3920.733974
1.030767,12,3922.042593
1.139581,12,3923.289675
1.053135,12,3924.544976
0.881436,12,3925.80655
0.990981,12,3927.142976
1.10149,12,3928.447308
0.965666,12,3929.748772
1.060551,12,3931.023783
0.974047,12,3932.375367
0.921895,12,3933.670942
0.990331,12,3934.997954
0.898652,12,3936.372235
0.919639,12,3937.697066
0.978555,12,3939.020595
0.901511,12,3940.319123
1.069143,12,3941.62254
0.93347,12,3942.957911
0.97125,12,3944.264051
1.057488,12,3945.640352
1.040277,12,3946.897283
0.968691,12,3948.189683
0.972463,12,3949.455482
0.989091,12,3950.742124
1.021067,12,3952.069042
1.1287,12,3953.331114
0.955145,12,3954.655387
0.982967,12,3955.976023
1.127332,12,3957.2672
1.028266,12,3958.941978
1.077897,12,3960.2087
0.894178,12,3961.505065
0.94725,12,3962.767751
0.926187,12,3964.022646
0.983505,12,3965.348102
0.9604,12,3966.624776
1.133253,12,3967.934202
1.108806,12,3969.221229
0.916763,12,3970.468966
1.138663,12,3971.737689
0.999963,12,3973.047445
0.923497,12,3974.390465
1.215194,12,3975.692184
0.951954,12,3976.938819
0.907799,12,3978.252437
1.032976,12,3979.516901
1.082978,12,3980.794369
1.089606,12,3982.081542
1.035328,12,3983.351555
1.020653,12,3984.650502
1.08571,12,3985.973212
0.96555,12,3987.245202
1.154161,12,3988.555736
0.977436,12,3989.868025
0.874561,12,3991.149827
0.927034,12,3992.448855
1.133465,12,3993.728606
0.929862,12,3995.057754
0.990426,12,3996.317602
1.026975,12,3997.551919
0.958692,12,3998.859334
0.986223,12,4000.131742
1.218278,12,4001.422576
0.883007,12,4002.719198
0.996825,12,4004.017285
1.249844,12,4005.33734
1.020335,12,4006.63084
0.837658,12,4007.892121
1.092927,12,4009.15023
1.051486,12,4010.449953
0.967546,12,4011.745845
1.022721,12,4013.022295
1.033773,12,4014.807562
1.033214,12,4016.13379
0.90308,12,4017.463845
1.026015,12,4018.710148
0.982026,12,4020.052866
1.048187,12,4021.387612
0.885148,12,4022.668496
1.061459,12,4024.013975
1.115959,12,4025.376433
0.961634,12,4026.632422
1.123506,12,4027.896279
1.080049,12,4029.165222
0.957045,12,4030.511663
1.037672,12,4031.773072
0.993976,12,4033.10653
1.004965,12,4034.386663
1.085958,12,4035.83006
0.974862,12,4037.189405
0.949312,12,4038.479978
1.045247,12,4039.726182
1.033075,12,4041.018807
1.09427,12,4042.296997
0.82474,12,4043.693302
0.927471,12,4044.915156
0.916076,12,4046.18319
0.969996,12,4047.445294
0.97888,12,4048.797924
1.086887,12,4050.092387
0.938314,12,4051.55529
1.125821,12,4052.918674
1.20209,12,4054.260273
1.167056,12,4055.561135
1.126954,12,4056.879696
