video,keping,jam_mulai,jam_selesai,video_mulai_s,durasi_s,slope
CCTV 1.mp4,1,16:30:12.884,16:31:46.042,97.57,93.158,0.999998
CCTV 1.mp4,2,16:31:53.102,16:32:06.306,197.787,13.204,0.999998
CCTV 1.mp4,3,16:32:12.817,16:33:15.835,217.503,63.018,0.999998
CCTV 1.mp4,4,16:33:46.213,16:37:07.072,310.899,200.859,0.999998
CCTV 1.mp4,5,16:37:14.126,16:39:36.974,518.812,142.849,0.999998
CCTV 1.mp4,6,16:40:04.867,16:47:37.181,689.553,452.314,0.999998
CCTV 1.mp4,7,16:48:44.832,16:57:26.952,1201.0,522.109,1.00002
CCTV 1.mp4,8,16:57:56.209,17:07:37.605,1752.365,581.385,1.00002
CCTV 1.mp4,9,17:08:13.519,17:08:37.986,2355.501,24.499,0.998682
CCTV 1.mp4,10,17:08:42.036,17:09:06.157,2384.75,24.119,1.000045
CCTV 1.mp4,11,17:09:32.568,17:10:57.792,2435.279,85.221,1.000045
CCTV 1.mp4,12,17:11:03.494,17:13:17.742,2528.25,134.25,0.999987
CCTV 1.mp4,13,17:13:47.075,17:13:53.472,3038.75,6.397,0.999964
CCTV 1.mp4,14,17:13:53.472,17:14:17.724,2698.25,24.25,1.000074
CCTV 1.mp4,15,17:14:17.724,17:14:23.437,3069.4,5.714,0.999964
CCTV 1.mp4,16,17:14:23.437,17:14:57.259,2729.5,33.821,1.000033
CCTV 1.mp4,17,17:15:27.972,17:16:46.149,2794.033,78.174,1.000033
CCTV 1.mp4,18,17:17:20.529,17:19:16.697,2906.586,116.164,1.000033
CCTV 2.mp4,1,16:30:12.884,16:31:46.042,59.433,93.134,1.00026
CCTV 2.mp4,2,16:31:53.102,16:32:06.306,161.031,13.138,1.005003
CCTV 2.mp4,3,16:32:12.817,16:33:15.835,182.9,63.0,1.000274
CCTV 2.mp4,4,16:33:46.213,16:37:07.072,289.567,200.867,0.999963
CCTV 2.mp4,5,16:37:14.126,16:39:36.974,499.967,142.853,0.999967
CCTV 2.mp4,6,16:40:04.867,16:47:37.181,670.714,452.328,0.999967
CCTV 2.mp4,7,16:48:44.832,16:57:26.952,1190.696,522.137,0.999967
CCTV 2.mp4,8,16:57:56.209,17:07:37.605,1745.567,581.384,1.000022
CCTV 2.mp4,9,17:08:13.519,17:08:37.986,2362.864,24.466,1.000022
CCTV 2.mp4,10,17:08:42.036,17:09:06.157,2391.38,24.12,1.000022
CCTV 2.mp4,11,17:09:32.568,17:10:57.792,2425.567,85.23,0.999937
CCTV 2.mp4,12,17:11:03.494,17:13:17.742,2516.499,134.257,0.999937
CCTV 2.mp4,13,17:13:47.075,17:13:53.472,2680.09,6.397,0.999937
CCTV 2.mp4,14,17:13:53.472,17:14:17.724,2686.488,24.253,0.999937
CCTV 2.mp4,15,17:14:17.724,17:14:23.437,2710.741,5.714,0.999937
CCTV 2.mp4,16,17:14:23.437,17:14:57.259,2716.455,33.824,0.999937
CCTV 2.mp4,17,17:15:27.972,17:16:46.149,2780.994,78.181,0.999937
CCTV 2.mp4,18,17:17:20.529,17:19:16.697,2893.558,116.175,0.999937
CCTV 3.mp4,1,16:30:12.884,16:31:46.042,87.141,93.158,0.999995
CCTV 3.mp4,2,16:31:53.102,16:32:06.306,187.359,13.204,0.999995
CCTV 3.mp4,3,16:32:12.817,16:33:15.835,207.074,63.018,0.999995
CCTV 3.mp4,4,16:33:46.213,16:37:07.072,300.47,200.86,0.999995
CCTV 3.mp4,5,16:37:14.126,16:39:36.974,508.384,142.849,0.999995
CCTV 3.mp4,6,16:40:04.867,16:47:37.181,666.1,452.316,0.999995
CCTV 3.mp4,7,16:48:44.832,16:57:26.952,1191.398,522.111,1.000017
CCTV 3.mp4,8,16:57:56.209,17:07:37.605,1742.765,581.387,1.000017
CCTV 3.mp4,9,17:08:13.519,17:08:37.986,2360.065,24.466,1.000017
CCTV 3.mp4,10,17:08:42.036,17:09:06.157,2388.581,24.12,1.000017
CCTV 3.mp4,11,17:09:32.568,17:10:57.792,2439.112,85.223,1.000017
CCTV 3.mp4,12,17:11:03.494,17:13:17.742,2530.036,134.246,1.000017
CCTV 3.mp4,13,17:13:47.075,17:13:53.472,2693.615,6.397,1.000017
CCTV 3.mp4,14,17:13:53.472,17:14:17.724,2700.012,24.251,1.000017
CCTV 3.mp4,15,17:14:17.724,17:14:23.437,2724.263,5.713,1.000017
CCTV 3.mp4,16,17:14:23.437,17:14:57.259,2729.976,33.822,1.000017
CCTV 3.mp4,17,17:15:27.972,17:16:46.149,2794.51,78.175,1.000017
CCTV 3.mp4,18,17:17:20.529,17:19:16.697,2907.065,116.166,1.000017
CCTV 4.mp4,1,16:30:12.884,16:31:46.042,81.612,93.157,1.000008
CCTV 4.mp4,2,16:31:53.102,16:32:06.306,181.828,13.204,1.000008
CCTV 4.mp4,3,16:32:12.817,16:33:15.835,201.543,63.017,1.000008
CCTV 4.mp4,4,16:33:46.213,16:37:07.072,294.939,200.858,1.000008
CCTV 4.mp4,5,16:37:14.126,16:39:36.974,502.85,142.847,1.000008
CCTV 4.mp4,6,16:40:04.867,16:47:37.181,673.59,452.31,1.000008
CCTV 4.mp4,7,16:48:44.832,16:57:26.952,1194.014,522.117,1.000005
CCTV 4.mp4,8,16:57:56.209,17:07:37.605,1745.387,581.394,1.000005
CCTV 4.mp4,9,17:08:13.519,17:08:37.986,2362.695,24.466,1.000005
CCTV 4.mp4,10,17:08:42.036,17:09:06.157,2391.212,24.12,1.000005
CCTV 4.mp4,11,17:09:32.568,17:10:57.792,2441.743,85.224,1.000005
CCTV 4.mp4,12,17:11:03.494,17:13:17.742,2532.669,134.248,1.000005
CCTV 4.mp4,13,17:13:47.075,17:13:53.472,2696.249,6.397,1.000005
CCTV 4.mp4,14,17:13:53.472,17:14:17.724,2702.646,24.252,1.000005
CCTV 4.mp4,15,17:14:17.724,17:14:23.437,2726.898,5.713,1.000005
CCTV 4.mp4,16,17:14:23.437,17:14:57.259,2732.611,33.822,1.000005
CCTV 4.mp4,17,17:15:27.972,17:16:46.149,2777.3,78.2,0.9997
CCTV 4.mp4,18,17:17:20.529,17:19:16.697,2911.967,116.173,0.999954
